label;Anatomy;region_name;hemisphere
1;rightTemporal;MNI(51:-10:5);right
2;rightTemporal;MNI(23:-5:-23);right
3;leftFrontal;MNI(-27:-22:61);left
4;leftOccipital;MNI(-14:-77:33);left
5;leftFrontal;MNI(-40:45:-2);left
6;rightOccipital;MNI(41:-84:-7);right
7;rightFrontal;MNI(4:5:60);right
8;leftSubcortical;MNI(-6:-12:20);left
9;leftTemporal;MNI(-64:-21:-6);left
10;rightCerebellum;MNI(6:-62:-42);right
11;leftOccipital;MNI(-51:-65:4);left
12;rightFrontal;MNI(38:49:-9);right
13;leftFrontal;MNI(-21:59:-11);left
14;rightTemporal;MNI(51:-46:16);right
15;rightCerebellum;MNI(51:-64:-30);right
16;rightFrontal;MNI(33:50:-8);right
17;rightParietal;MNI(7:-27:32);right
18;leftOccipital;MNI(-9:-94:6);left
19;rightFrontal;MNI(18:-36:75);right
20;rightFrontal;MNI(12:43:17);right
21;leftTemporal;MNI(-27:-34:0);left
22;rightTemporal;MNI(69:-24:-8);right
23;rightFrontal;MNI(27:9:54);right
24;leftTemporal;MNI(-54:7:-15);left
25;leftTemporal;MNI(-24:8:-42);left
26;leftParietal;MNI(-48:-68:24);left
27;leftParietal;MNI(-5:-31:39);left
28;leftSubcortical;MNI(-9:10:-6);left
29;leftFrontal;MNI(-45:-3:47);left
30;leftParietal;MNI(-54:-35:50);left
31;rightSubcortical;MNI(17:-18:20);right
32;leftFrontal;MNI(-2:41:8);left
33;rightOccipital;MNI(63:-54:15);right
34;rightFrontal;MNI(31:-9:70);right
35;rightOccipital;MNI(17:-97:8);right
36;leftFrontal;MNI(-48:34:-2);left
37;rightFrontal;MNI(9:44:54);right
38;rightTemporal;MNI(41:-8:-40);right
39;leftSubcortical;MNI(-36:-9:6);left
40;leftParietal;MNI(-15:-57:68);left
41;leftFrontal;MNI(-6:-1:75);left
42;leftSubcortical;MNI(-3:-20:-38);left
43;rightSubcortical;MNI(2:0:15);right
44;rightParietal;MNI(51:-53:53);right
45;leftFrontal;MNI(-17:70:6);left
46;rightOccipital;MNI(35:-72:28);right
47;rightFrontal;MNI(28:37:-17);right
48;rightParietal;MNI(67:-29:25);right
49;rightFrontal;MNI(56:3:31);right
50;rightTemporal;MNI(57:8:-28);right
51;leftParietal;MNI(-30:-63:37);left
52;leftFrontal;MNI(-6:-25:75);left
53;leftTemporal;MNI(-33:18:-37);left
54;rightParietal;MNI(21:-69:56);right
55;leftParietal;MNI(-33:-24:21);left
56;rightTemporal;MNI(66:-45:2);right
57;leftCerebellum;MNI(-44:-46:-31);left
58;rightSubcortical;MNI(35:-16:10);right
59;rightFrontal;MNI(13:11:45);right
60;leftCerebellum;MNI(-18:-37:-25);left
61;leftParietal;MNI(-36:-41:54);left
62;rightFrontal;MNI(60:15:20);right
63;leftSubcortical;MNI(-26:20:-6);left
64;leftFrontal;MNI(-35:25:32);left
65;rightCerebellum;MNI(51:-45:-36);right
66;rightFrontal;MNI(7:36:-25);right
67;rightTemporal;MNI(27:-43:-9);right
68;rightOccipital;MNI(36:-78:21);right
69;rightParietal;MNI(28:-46:69);right
70;rightFrontal;MNI(3:39:33);right
71;rightParietal;MNI(63:-32:45);right
72;rightFrontal;MNI(45:36:37);right
73;leftParietal;MNI(-48:-14:57);left
74;leftParietal;MNI(-44:-37:23);left
75;leftFrontal;MNI(-9:39:-22);left
76;rightTemporal;MNI(43:-35:-16);right
77;leftOccipital;MNI(-36:-74:17);left
78;rightSubcortical;MNI(20:11:12);right
79;rightOccipital;MNI(19:-67:20);right
80;rightOccipital;MNI(6:-82:6);right
81;leftFrontal;MNI(-31:2:57);left
82;leftTemporal;MNI(-63:-17:12);left
83;rightFrontal;MNI(38:57:20);right
84;rightFrontal;MNI(51:34:-8);right
85;rightParietal;MNI(42:-32:44);right
86;leftFrontal;MNI(-57:10:14);left
87;leftSubcortical;MNI(-11:2:24);left
88;leftParietal;MNI(-29:-42:45);left
89;rightSubcortical;MNI(33:-26:-5);right
90;rightFrontal;MNI(33:33:38);right
91;rightParietal;MNI(45:-73:39);right
92;leftFrontal;MNI(-23:60:29);left
93;rightSubcortical;MNI(9:21:2);right
94;leftParietal;MNI(-9:-47:11);left
95;rightParietal;MNI(43:-26:63);right
96;leftFrontal;MNI(-3:63:33);left
97;rightTemporal;MNI(33:16:-36);right
98;rightParietal;MNI(5:-48:69);right
99;leftParietal;MNI(-38:-23:46);left
100;rightTemporal;MNI(67:-12:-18);right
101;leftSubcortical;MNI(-6:25:0);left
102;leftOccipital;MNI(-36:-79:-8);left
103;leftTemporal;MNI(-61:-45:7);left
104;leftTemporal;MNI(-51:-5:-36);left
105;rightOccipital;MNI(60:-63:3);right
106;rightFrontal;MNI(25:22:58);right
107;leftSubcortical;MNI(-7:-21:-29);left
108;leftFrontal;MNI(-32:-3:66);left
109;leftTemporal;MNI(-34:-1:-44);left
110;rightFrontal;MNI(39:0:50);right
111;leftFrontal;MNI(-30:41:-14);left
112;rightSubcortical;MNI(34:30:4);right
113;rightParietal;MNI(24:-61:3);right
114;rightFrontal;MNI(24:52:-12);right
115;leftFrontal;MNI(-5:18:36);left
116;leftOccipital;MNI(-42:-65:3);left
117;rightOccipital;MNI(18:-81:42);right
118;leftOccipital;MNI(-6:-81:19);left
119;leftParietal;MNI(-54:-51:39);left
120;leftFrontal;MNI(-44:28:30);left
121;rightFrontal;MNI(10:25:-11);right
122;rightTemporal;MNI(63:-48:-12);right
123;leftParietal;MNI(-26:-42:69);left
124;rightSubcortical;MNI(30:-1:13);right
125;leftFrontal;MNI(-16:-3:66);left
126;rightParietal;MNI(16:-32:51);right
127;rightFrontal;MNI(27:63:15);right
128;leftTemporal;MNI(-39:-4:-9);left
129;rightOccipital;MNI(47:-81:10);right
130;leftParietal;MNI(-45:-13:14);left
131;rightSubcortical;MNI(10:-18:-15);right
132;leftSubcortical;MNI(-7:22:11);left
133;leftOccipital;MNI(-24:-63:-8);left
134;rightParietal;MNI(51:-25:18);right
135;leftParietal;MNI(-27:-69:53);left
136;rightTemporal;MNI(51:-20:-20);right
137;rightTemporal;MNI(61:6:-3);right
138;leftFrontal;MNI(-17:43:42);left
139;rightOccipital;MNI(22:-87:-6);right
140;leftCerebellum;MNI(-28:-42:-31);left
141;rightParietal;MNI(14:-46:39);right
142;leftFrontal;MNI(-48:32:23);left
143;rightFrontal;MNI(11:34:35);right
144;leftTemporal;MNI(-63:-28:0);left
145;rightSubcortical;MNI(15:-2:20);right
146;rightFrontal;MNI(12:56:7);right
147;leftParietal;MNI(-53:-21:31);left
148;leftTemporal;MNI(-36:-2:-29);left
149;rightFrontal;MNI(60:0:40);right
150;rightTemporal;MNI(54:-33:3);right
151;rightSubcortical;MNI(26:-6:-41);right
152;rightFrontal;MNI(55:36:10);right
153;rightParietal;MNI(9:-29:61);right
154;leftParietal;MNI(-39:-65:18);left
155;leftParietal;MNI(-44:-45:18);left
156;leftOccipital;MNI(-1:-73:6);left
157;leftSubcortical;MNI(-12:-17:13);left
158;rightSubcortical;MNI(21:-27:3);right
159;leftFrontal;MNI(-19:45:-11);left
160;rightTemporal;MNI(22:-3:-9);right
161;rightParietal;MNI(7:-20:46);right
162;leftFrontal;MNI(-28:46:26);left
163;rightFrontal;MNI(12:51:-21);right
164;rightCerebellum;MNI(12:-50:-31);right
165;rightParietal;MNI(38:-67:51);right
166;rightTemporal;MNI(47:12:-38);right
167;leftFrontal;MNI(-15:-24:73);left
168;leftParietal;MNI(-45:-4:18);left
169;leftParietal;MNI(-23:-72:40);left
170;rightTemporal;MNI(68:-49:9);right
171;leftTemporal;MNI(-57:-52:-4);left
172;rightOccipital;MNI(9:-77:-3);right
173;rightFrontal;MNI(50:42:4);right
174;rightTemporal;MNI(56:-10:12);right
175;rightFrontal;MNI(33:56:6);right
176;leftFrontal;MNI(0:35:60);left
177;leftParietal;MNI(-21:-38:3);left
178;leftFrontal;MNI(-20:39:54);left
179;rightFrontal;MNI(40:17:58);right
180;rightParietal;MNI(39:-36:66);right
181;rightOccipital;MNI(15:-89:28);right
182;leftFrontal;MNI(-32:49:22);left
183;leftFrontal;MNI(-3:8:65);left
184;leftSubcortical;MNI(-27:6:6);left
185;leftParietal;MNI(-60:-12:24);left
186;leftParietal;MNI(-4:-61:62);left
187;rightFrontal;MNI(43:38:-12);right
188;rightParietal;MNI(48:-37:45);right
189;leftTemporal;MNI(-40:-26:-18);left
190;leftCerebellum;MNI(-16:-59:-26);left
191;rightTemporal;MNI(60:-5:-29);right
192;rightParietal;MNI(9:-46:22);right
193;rightSubcortical;MNI(40:9:15);right
194;rightCerebellum;MNI(31:-37:-40);right
195;leftOccipital;MNI(-18:-93:2);left
196;rightFrontal;MNI(9:61:33);right
197;rightFrontal;MNI(4:21:27);right
198;leftTemporal;MNI(-60:-6:-11);left
199;leftFrontal;MNI(-51:7:20);left
200;rightCerebellum;MNI(29:-52:-27);right
201;rightOccipital;MNI(51:-75:22);right
202;leftTemporal;MNI(-14:-13:-26);left
203;leftParietal;MNI(-10:-30:44);left
204;rightFrontal;MNI(27:60:11);right
205;rightFrontal;MNI(34:-10:60);right
206;rightTemporal;MNI(69:-28:5);right
207;leftTemporal;MNI(-23:17:-26);left
208;rightTemporal;MNI(63:-3:-3);right
209;leftParietal;MNI(-27:-45:59);left
210;rightFrontal;MNI(36:45:26);right
211;rightOccipital;MNI(30:-69:-15);right
212;rightTemporal;MNI(41:20:-19);right
213;rightParietal;MNI(39:-24:22);right
214;rightParietal;MNI(64:-48:32);right
215;leftFrontal;MNI(-26:27:48);left
216;rightFrontal;MNI(12:1:75);right
217;leftOccipital;MNI(-29:-84:24);left
218;rightParietal;MNI(66:-15:31);right
219;rightOccipital;MNI(36:-78:41);right
220;rightFrontal;MNI(51:21:41);right
221;leftFrontal;MNI(-39:44:32);left
222;leftTemporal;MNI(-52:-32:1);left
223;leftFrontal;MNI(-3:-15:56);left
224;leftSubcortical;MNI(-4:-30:-42);left
225;rightFrontal;MNI(61:11:27);right
226;leftFrontal;MNI(-6:45:24);left
227;leftParietal;MNI(-10:-51:19);left
228;rightFrontal;MNI(23:68:5);right
229;leftSubcortical;MNI(-30:30:8);left
230;rightParietal;MNI(3:-15:32);right
231;leftFrontal;MNI(-12:29:63);left
232;leftParietal;MNI(-5:-69:57);left
233;rightFrontal;MNI(33:11:58);right
234;leftFrontal;MNI(-30:58:2);left
235;rightParietal;MNI(25:-54:10);right
236;leftParietal;MNI(-44:-45:48);left
237;rightTemporal;MNI(53:-33:-24);right
238;leftFrontal;MNI(-8:48:-21);left
239;leftParietal;MNI(-60:-40:31);left
240;rightParietal;MNI(15:-64:64);right
241;rightFrontal;MNI(55:-16:53);right
242;leftTemporal;MNI(-47:-1:-40);left
243;rightFrontal;MNI(47:6:33);right
244;leftTemporal;MNI(-61:-27:-18);left
245;rightOccipital;MNI(29:-85:-17);right
246;rightFrontal;MNI(23:38:54);right
247;leftParietal;MNI(-31:-27:66);left
248;rightFrontal;MNI(4:-21:76);right
249;rightOccipital;MNI(14:-69:-7);right
250;rightOccipital;MNI(32:-87:25);right
251;rightSubcortical;MNI(3:-11:4);right
252;rightSubcortical;MNI(32:-8:10);right
253;leftFrontal;MNI(-42:-1:53);left
254;leftTemporal;MNI(-36:-43:-13);left
255;rightFrontal;MNI(10:66:-11);right
256;rightOccipital;MNI(45:-85:2);right
257;leftFrontal;MNI(-51:20:2);left
258;rightTemporal;MNI(69:-33:-4);right
259;rightParietal;MNI(43:-42:61);right
260;rightFrontal;MNI(45:46:-10);right
261;leftOccipital;MNI(-51:-65:12);left
262;rightTemporal;MNI(36:-21:-27);right
263;rightOccipital;MNI(5:-88:-12);right
264;leftFrontal;MNI(-12:-8:76);left
265;rightFrontal;MNI(44:58:6);right
266;rightFrontal;MNI(6:51:15);right
267;leftSubcortical;MNI(-22:0:-3);left
268;rightTemporal;MNI(33:4:-36);right
269;rightTemporal;MNI(50:21:-18);right
270;rightFrontal;MNI(49:-20:42);right
271;rightFrontal;MNI(6:16:32);right
272;leftCerebellum;MNI(-36:-74:-22);left
273;rightParietal;MNI(29:-57:54);right
274;rightFrontal;MNI(45:33:21);right
275;leftFrontal;MNI(-21:5:53);left
276;rightSubcortical;MNI(19:10:20);right
277;leftTemporal;MNI(-49:17:-20);left
278;leftSubcortical;MNI(-7:-23:15);left
279;rightParietal;MNI(60:-41:47);right
280;rightSubcortical;MNI(13:-6:11);right
281;rightCerebellum;MNI(14:-30:-26);right
282;rightParietal;MNI(35:-45:44);right
283;leftFrontal;MNI(-32:63:5);left
284;leftFrontal;MNI(-6:55:0);left
285;leftFrontal;MNI(-29:-12:70);left
286;rightTemporal;MNI(35:-46:-18);right
287;rightSubcortical;MNI(23:-27:12);right
288;leftFrontal;MNI(-6:59:40);left
289;rightFrontal;MNI(22:31:-18);right
290;leftFrontal;MNI(-27:29:-5);left
291;leftParietal;MNI(-6:-46:42);left
292;leftParietal;MNI(-23:-55:57);left
293;rightFrontal;MNI(27:31:43);right
294;rightOccipital;MNI(54:-71:1);right
295;leftOccipital;MNI(-15:-87:-12);left
296;leftFrontal;MNI(-31:33:51);left
297;leftTemporal;MNI(-50:-19:-6);left
298;leftTemporal;MNI(-18:8:-38);left
299;leftFrontal;MNI(-48:39:13);left
300;rightFrontal;MNI(25:-30:66);right
301;leftOccipital;MNI(-17:-93:7);left
302;rightFrontal;MNI(18:22:66);right
303;rightFrontal;MNI(9:32:-7);right
304;leftTemporal;MNI(-63:-37:-2);left
305;leftFrontal;MNI(-8:34:60);left
306;leftParietal;MNI(-19:-43:72);left
307;leftFrontal;MNI(-42:34:22);left
308;leftFrontal;MNI(-57:1:35);left
309;rightFrontal;MNI(5:10:32);right
310;rightFrontal;MNI(57:24:20);right
311;leftParietal;MNI(-41:-71:34);left
312;leftFrontal;MNI(-4:69:-4);left
313;leftSubcortical;MNI(-15:-24:-3);left
314;rightOccipital;MNI(40:-78:12);right
315;rightTemporal;MNI(44:6:-20);right
316;leftTemporal;MNI(-24:5:-26);left
317;rightParietal;MNI(57:-14:35);right
318;rightTemporal;MNI(25:-6:-15);right
319;leftTemporal;MNI(-55:-41:-16);left
320;rightParietal;MNI(51:-67:38);right
321;rightOccipital;MNI(17:-93:16);right
322;rightFrontal;MNI(20:54:39);right
323;rightParietal;MNI(50:-6:18);right
324;leftFrontal;MNI(-36:-18:66);left
325;rightSubcortical;MNI(37:20:-9);right
326;rightOccipital;MNI(51:-70:-8);right
327;leftFrontal;MNI(-9:66:-12);left
328;leftParietal;MNI(-30:-34:51);left
329;rightCerebellum;MNI(21:-64:-30);right
330;rightFrontal;MNI(29:59:-3);right
331;leftSubcortical;MNI(-34:-12:-3);left
332;leftParietal;MNI(-53:-54:17);left
333;rightFrontal;MNI(21:3:73);right
334;leftSubcortical;MNI(-31:8:15);left
335;leftFrontal;MNI(-4:33:25);left
336;rightSubcortical;MNI(9:-15:19);right
337;leftTemporal;MNI(-39:18:-35);left
338;rightParietal;MNI(15:-38:62);right
339;rightFrontal;MNI(24:42:-15);right
340;leftCerebellum;MNI(-25:-56:-20);left
341;rightTemporal;MNI(36:8:-43);right
342;rightTemporal;MNI(67:-39:9);right
343;leftFrontal;MNI(-26:19:56);left
344;rightSubcortical;MNI(30:19:-5);right
345;leftFrontal;MNI(-45:5:40);left
346;leftTemporal;MNI(-30:-21:-27);left
347;rightParietal;MNI(39:-58:42);right
348;leftFrontal;MNI(-20:61:9);left
349;rightSubcortical;MNI(7:-21:6);right
350;leftParietal;MNI(-21:-54:8);left
351;rightSubcortical;MNI(9:-30:-33);right
352;rightOccipital;MNI(14:-90:-14);right
353;leftTemporal;MNI(-57:3:-3);left
354;rightFrontal;MNI(3:-6:50);right
355;leftSubcortical;MNI(-5:-7:2);left
356;rightCerebellum;MNI(38:-38:-41);right
357;leftParietal;MNI(-40:-60:50);left
358;rightOccipital;MNI(18:-75:49);right
359;rightTemporal;MNI(59:-5:10);right
360;leftParietal;MNI(-6:-14:42);left
361;leftParietal;MNI(-3:-43:12);left
362;rightTemporal;MNI(51:-42:-12);right
363;leftOccipital;MNI(-46:-72:8);left
364;rightFrontal;MNI(26:-6:59);right
365;leftSubcortical;MNI(-11:16:20);left
366;leftFrontal;MNI(-36:34:44);left
367;leftParietal;MNI(-34:-75:38);left
368;leftCerebellum;MNI(-8:-41:-38);left
369;leftFrontal;MNI(-17:-30:66);left
370;rightParietal;MNI(12:-55:27);right
371;rightTemporal;MNI(17:-4:-25);right
372;leftParietal;MNI(-63:-30:17);left
373;rightOccipital;MNI(10:-90:23);right
374;rightParietal;MNI(54:-30:28);right
375;leftParietal;MNI(-44:-15:42);left
376;rightTemporal;MNI(52:7:-2);right
377;rightParietal;MNI(56:-49:48);right
378;rightSubcortical;MNI(40:-17:2);right
379;rightFrontal;MNI(29:38:48);right
380;rightOccipital;MNI(56:-57:11);right
381;rightFrontal;MNI(18:-11:76);right
382;leftCerebellum;MNI(-37:-42:-33);left
383;leftFrontal;MNI(-34:57:20);left
384;leftFrontal;MNI(-3:-15:70);left
385;leftParietal;MNI(-42:-60:24);left
386;rightTemporal;MNI(48:0:-32);right
387;rightOccipital;MNI(16:-82:1);right
388;leftOccipital;MNI(-23:-58:-3);left
389;leftParietal;MNI(-11:-71:43);left
390;leftFrontal;MNI(-22:4:69);left
391;rightTemporal;MNI(43:-30:16);right
392;rightTemporal;MNI(57:-62:-12);right
393;rightSubcortical;MNI(34:-36:-1);right
394;leftSubcortical;MNI(-20:-8:-40);left
395;leftParietal;MNI(-48:-23:41);left
396;rightFrontal;MNI(45:49:20);right
397;rightFrontal;MNI(9:18:48);right
398;rightOccipital;MNI(37:-83:3);right
399;rightSubcortical;MNI(24:7:4);right
400;leftOccipital;MNI(-31:-85:-9);left
401;rightTemporal;MNI(66:-30:-14);right
402;leftFrontal;MNI(-9:63:33);left
403;rightFrontal;MNI(29:0:53);right
404;rightParietal;MNI(11:-44:33);right
405;rightFrontal;MNI(28:67:9);right
406;leftParietal;MNI(-58:-48:32);left
407;leftSubcortical;MNI(-11:-17:19);left
408;rightParietal;MNI(63:-16:40);right
409;leftFrontal;MNI(-54:-2:45);left
410;leftCerebellum;MNI(-5:-84:-24);left
411;rightParietal;MNI(15:-57:69);right
412;rightFrontal;MNI(31:13:-11);right
413;leftTemporal;MNI(-47:-2:7);left
414;leftFrontal;MNI(-12:54:-15);left
415;rightFrontal;MNI(14:38:25);right
416;rightFrontal;MNI(39:-7:54);right
417;leftTemporal;MNI(-48:-20:2);left
418;leftTemporal;MNI(-50:-61:-8);left
419;leftFrontal;MNI(-45:41:-9);left
420;leftTemporal;MNI(-42:-12:-34);left
421;rightParietal;MNI(45:-61:29);right
422;rightTemporal;MNI(29:15:-29);right
423;rightFrontal;MNI(64:0:25);right
424;leftParietal;MNI(-37:-29:45);left
425;rightFrontal;MNI(24:42:40);right
426;rightTemporal;MNI(63:-5:-22);right
427;leftParietal;MNI(-14:-68:59);left
428;leftFrontal;MNI(-20:26:-18);left
429;rightFrontal;MNI(15:-29:77);right
430;rightParietal;MNI(30:-70:43);right
431;leftCerebellum;MNI(-1:-37:-10);left
432;leftFrontal;MNI(-4:29:48);left
433;rightOccipital;MNI(54:-71:8);right
434;rightFrontal;MNI(42:14:44);right
435;leftFrontal;MNI(-44:39:27);left
436;leftTemporal;MNI(-28:-22:-14);left
437;leftParietal;MNI(-48:-33:57);left
438;leftSubcortical;MNI(-6:13:6);left
439;leftOccipital;MNI(-21:-81:24);left
440;leftParietal;MNI(-9:-36:53);left
441;leftFrontal;MNI(0:17:59);left
442;leftParietal;MNI(-60:-24:32);left
443;leftOccipital;MNI(-12:-87:2);left
444;rightSubcortical;MNI(39:22:-2);right
445;leftFrontal;MNI(-8:45:15);left
446;leftParietal;MNI(-57:-48:25);left
447;rightParietal;MNI(33:-28:61);right
448;rightOccipital;MNI(20:-52:-3);right
449;rightFrontal;MNI(18:67:-8);right
450;rightParietal;MNI(11:-25:54);right
451;leftFrontal;MNI(-25:47:45);left
452;leftTemporal;MNI(-41:15:-18);left
453;leftFrontal;MNI(-3:-9:75);left
454;leftTemporal;MNI(-37:-8:-32);left
455;leftFrontal;MNI(-32:-4:52);left
456;rightTemporal;MNI(67:-45:16);right
457;rightParietal;MNI(57:-54:44);right
458;leftTemporal;MNI(-48:-34:-21);left
459;rightTemporal;MNI(66:-9:-12);right
460;rightFrontal;MNI(54:-6:35);right
461;rightCerebellum;MNI(44:-41:-31);right
462;rightOccipital;MNI(8:-83:18);right
463;rightFrontal;MNI(2:61:2);right
464;rightFrontal;MNI(15:41:53);right
465;leftCerebellum;MNI(-27:-59:-32);left
466;rightParietal;MNI(12:-56:53);right
467;rightCerebellum;MNI(33:-58:-30);right
468;rightTemporal;MNI(54:-12:-24);right
469;leftTemporal;MNI(-54:5:-24);left
470;rightFrontal;MNI(34:63:1);right
471;leftParietal;MNI(-36:-45:62);left
472;rightSubcortical;MNI(15:4:16);right
473;leftFrontal;MNI(-35:18:33);left
474;rightSubcortical;MNI(9:-26:-37);right
475;leftParietal;MNI(-35:-9:22);left
476;rightSubcortical;MNI(3:-19:11);right
477;rightFrontal;MNI(54:34:20);right
478;rightOccipital;MNI(40:-73:-10);right
479;leftFrontal;MNI(-1:-6:36);left
480;leftFrontal;MNI(-27:42:-7);left
481;rightSubcortical;MNI(12:-3:-9);right
482;leftTemporal;MNI(-32:4:-30);left
483;leftTemporal;MNI(-54:-20:-12);left
484;rightParietal;MNI(66:-24:34);right
485;leftSubcortical;MNI(-9:-13:6);left
486;leftTemporal;MNI(-54:-55:-12);left
487;leftParietal;MNI(-15:-50:72);left
488;rightOccipital;MNI(39:-83:25);right
489;leftFrontal;MNI(-13:59:37);left
490;rightFrontal;MNI(23:58:25);right
491;rightParietal;MNI(17:-48:8);right
492;rightCerebellum;MNI(31:-40:-29);right
493;leftParietal;MNI(-60:-42:21);left
494;rightFrontal;MNI(45:36:-4);right
495;leftParietal;MNI(-16:-53:23);left
496;rightOccipital;MNI(60:-63:11);right
497;leftSubcortical;MNI(-21:17:7);left
498;leftFrontal;MNI(-33:34:36);left
499;leftOccipital;MNI(-12:-90:22);left
500;rightTemporal;MNI(67:-36:18);right
501;rightFrontal;MNI(48:30:41);right
502;leftTemporal;MNI(-54:-13:13);left
503;leftTemporal;MNI(-12:-9:-18);left
504;rightFrontal;MNI(9:69:9);right
505;rightOccipital;MNI(31:-90:11);right
506;leftOccipital;MNI(-25:-79:39);left
507;leftSubcortical;MNI(-38:6:10);left
508;rightSubcortical;MNI(8:-6:18);right
509;rightParietal;MNI(31:-51:60);right
510;leftOccipital;MNI(-42:-74:-9);left
511;rightFrontal;MNI(24:31:50);right
512;leftFrontal;MNI(-29:54:28);left
513;rightSubcortical;MNI(39:-4:18);right
514;leftOccipital;MNI(-49:-56:9);left
515;rightTemporal;MNI(48:-9:-39);right
516;leftFrontal;MNI(-16:62:30);left
517;rightTemporal;MNI(67:-44:-5);right
518;rightFrontal;MNI(45:-12:63);right
519;leftCerebellum;MNI(-36:-58:-27);left
520;leftFrontal;MNI(-42:37:5);left
521;leftParietal;MNI(-19:-48:63);left
522;rightFrontal;MNI(60:6:34);right
523;rightCerebellum;MNI(10:-47:-15);right
524;leftSubcortical;MNI(-10:-3:21);left
525;leftFrontal;MNI(-11:6:72);left
526;leftTemporal;MNI(-60:-2:8);left
527;leftSubcortical;MNI(-21:-31:5);left
528;leftTemporal;MNI(-10:1:-24);left
529;rightFrontal;MNI(18:70:9);right
530;leftParietal;MNI(-11:-58:12);left
531;rightOccipital;MNI(17:-91:2);right
532;leftParietal;MNI(-47:-24:28);left
533;rightTemporal;MNI(25:-9:-32);right
534;rightTemporal;MNI(55:1:-6);right
535;rightTemporal;MNI(70:-24:-1);right
536;rightFrontal;MNI(2:34:-15);right
537;rightFrontal;MNI(50:14:48);right
538;rightTemporal;MNI(60:-13:8);right
539;leftOccipital;MNI(-42:-78:14);left
540;rightFrontal;MNI(47:24:-12);right
541;rightTemporal;MNI(59:-31:13);right
542;rightParietal;MNI(7:-11:38);right
543;rightTemporal;MNI(54:-20:-5);right
544;leftFrontal;MNI(-52:30:16);left
545;rightTemporal;MNI(60:-49:-21);right
546;rightParietal;MNI(39:-34:50);right
547;leftTemporal;MNI(-55:-17:-28);left
548;leftSubcortical;MNI(-25:-2:12);left
549;rightSubcortical;MNI(17:5:22);right
550;rightSubcortical;MNI(15:-28:12);right
551;rightFrontal;MNI(42:1:63);right
552;leftParietal;MNI(-44:-67:41);left
553;rightOccipital;MNI(21:-63:27);right
554;leftTemporal;MNI(-24:-27:-3);left
555;rightSubcortical;MNI(45:0:16);right
556;rightParietal;MNI(25:-39:73);right
557;leftFrontal;MNI(-28:9:53);left
558;leftFrontal;MNI(-21:40:-16);left
559;rightFrontal;MNI(39:26:-16);right
560;leftParietal;MNI(-57:-14:43);left
561;leftFrontal;MNI(-24:67:4);left
562;rightFrontal;MNI(13:3:48);right
563;rightFrontal;MNI(12:28:36);right
564;leftOccipital;MNI(-32:-79:8);left
565;rightParietal;MNI(29:-60:45);right
566;rightFrontal;MNI(23:66:16);right
567;leftFrontal;MNI(-40:49:27);left
568;rightParietal;MNI(6:-20:34);right
569;rightTemporal;MNI(39:0:-15);right
570;leftCerebellum;MNI(-21:-36:-40);left
571;leftSubcortical;MNI(-12:26:8);left
572;rightOccipital;MNI(39:-87:11);right
573;leftFrontal;MNI(-35:20:58);left
574;leftOccipital;MNI(-9:-78:11);left
575;leftTemporal;MNI(-43:2:-15);left
576;leftFrontal;MNI(-20:25:62);left
577;leftFrontal;MNI(-7:48:-1);left
578;leftCerebellum;MNI(-6:-63:-17);left
579;rightOccipital;MNI(14:-96:-4);right
580;rightCerebellum;MNI(12:-36:-39);right
581;leftTemporal;MNI(-45:6:-41);left
582;rightTemporal;MNI(55:-54:1);right
583;rightSubcortical;MNI(3:-17:-26);right
584;rightFrontal;MNI(27:23:48);right
585;leftFrontal;MNI(-6:31:37);left
586;leftFrontal;MNI(-15:71:15);left
587;rightParietal;MNI(12:-48:49);right
588;rightFrontal;MNI(36:42:-13);right
589;rightFrontal;MNI(45:-14:43);right
590;rightTemporal;MNI(36:0:-25);right
591;leftOccipital;MNI(-25:-84:-2);left
592;rightTemporal;MNI(36:-39:-8);right
593;leftTemporal;MNI(-60:-45:1);left
594;leftParietal;MNI(-11:-43:75);left
595;leftFrontal;MNI(-4:43:40);left
596;rightFrontal;MNI(44:47:5);right
597;leftParietal;MNI(-44:-38:44);left
598;rightParietal;MNI(63:-51:23);right
599;leftFrontal;MNI(-4:40:-3);left
600;leftParietal;MNI(-63:-22:17);left
601;rightParietal;MNI(7:-41:27);right
602;leftSubcortical;MNI(-9:5:17);left
603;rightFrontal;MNI(63:6:20);right
604;leftTemporal;MNI(-56:2:-9);left
605;leftFrontal;MNI(-51:8:43);left
606;rightSubcortical;MNI(7:-15:-3);right
607;leftFrontal;MNI(-4:8:42);left
608;rightTemporal;MNI(26:6:-39);right
609;leftParietal;MNI(-44:-45:27);left
610;rightFrontal;MNI(39:46:37);right
611;leftTemporal;MNI(-63:-21:-14);left
612;leftTemporal;MNI(-35:-52:-9);left
613;rightTemporal;MNI(66:-20:14);right
614;leftFrontal;MNI(-4:14:-16);left
615;rightSubcortical;MNI(32:25:9);right
616;leftFrontal;MNI(-18:30:52);left
617;leftParietal;MNI(-34:-35:58);left
618;rightParietal;MNI(57:-66:22);right
619;leftOccipital;MNI(0:-68:30);left
620;rightFrontal;MNI(18:46:-18);right
621;rightParietal;MNI(57:-35:51);right
622;leftParietal;MNI(-41:-18:22);left
623;rightSubcortical;MNI(4:-34:-27);right
624;leftFrontal;MNI(-18:-16:72);left
625;rightTemporal;MNI(53:15:-25);right
626;rightFrontal;MNI(10:-38:75);right
627;rightTemporal;MNI(40:-21:9);right
628;leftFrontal;MNI(-48:-5:54);left
629;rightCerebellum;MNI(42:-75:-24);right
630;leftOccipital;MNI(-17:-93:-6);left
631;rightFrontal;MNI(12:51:20);right
632;rightFrontal;MNI(14:-5:69);right
633;leftSubcortical;MNI(-3:-12:11);left
634;rightOccipital;MNI(21:-72:29);right
635;leftFrontal;MNI(-45:27:-4);left
636;leftFrontal;MNI(-5:31:-21);left
637;rightFrontal;MNI(7:29:63);right
638;leftFrontal;MNI(-20:48:32);left
639;rightTemporal;MNI(62:-34:-21);right
640;rightCerebellum;MNI(15:-79:-17);right
641;leftFrontal;MNI(-3:-33:76);left
642;rightCerebellum;MNI(48:-52:-29);right
643;rightParietal;MNI(28:-63:60);right
644;leftSubcortical;MNI(-33:24:2);left
645;rightSubcortical;MNI(30:-1:6);right
646;rightOccipital;MNI(4:-91:4);right
647;leftParietal;MNI(-43:-73:24);left
648;rightFrontal;MNI(54:25:29);right
649;leftFrontal;MNI(-7:57:-19);left
650;rightParietal;MNI(45:-66:45);right
651;rightFrontal;MNI(24:12:61);right
652;rightTemporal;MNI(59:2:-30);right
653;leftFrontal;MNI(-9:54:45);left
654;leftOccipital;MNI(-42:-65:11);left
655;leftSubcortical;MNI(-30:-14:3);left
656;rightTemporal;MNI(24:-13:-26);right
657;leftParietal;MNI(-54:-55:31);left
658;leftSubcortical;MNI(-2:-28:-4);left
659;rightTemporal;MNI(51:-40:17);right
660;leftFrontal;MNI(-14:13:-22);left
661;rightTemporal;MNI(66:-10:-5);right
662;rightFrontal;MNI(20:46:48);right
663;rightParietal;MNI(47:-48:57);right
664;leftCerebellum;MNI(-15:-71:-24);left
665;leftTemporal;MNI(-35:22:-30);left
666;leftTemporal;MNI(-63:-22:2);left
667;rightFrontal;MNI(37:38:33);right
668;rightSubcortical;MNI(16:-9:20);right
669;rightTemporal;MNI(55:-27:-3);right
670;rightFrontal;MNI(5:30:21);right
671;rightSubcortical;MNI(11:25:-2);right
672;rightParietal;MNI(52:-39:28);right
673;leftFrontal;MNI(-38:3:18);left
674;leftTemporal;MNI(-55:-59:8);left
675;rightTemporal;MNI(46:19:-33);right
676;leftFrontal;MNI(-42:-17:60);left
677;rightParietal;MNI(12:-61:43);right
678;leftTemporal;MNI(-48:-47:-24);left
679;rightFrontal;MNI(41:7:39);right
680;rightTemporal;MNI(63:-13:-26);right
681;rightSubcortical;MNI(30:-7:-5);right
682;leftFrontal;MNI(-42:13:53);left
683;rightFrontal;MNI(9:8:71);right
684;rightOccipital;MNI(27:-94:-3);right
685;rightOccipital;MNI(19:-68:42);right
686;rightTemporal;MNI(45:-52:-6);right
687;leftFrontal;MNI(-4:41:-16);left
688;rightSubcortical;MNI(32:10:12);right
689;leftFrontal;MNI(-51:24:27);left
690;leftParietal;MNI(-5:-41:32);left
691;leftParietal;MNI(-60:0:25);left
692;rightFrontal;MNI(30:37:-9);right
693;rightTemporal;MNI(58:-42:-6);right
694;leftParietal;MNI(-8:-44:61);left
695;leftFrontal;MNI(0:-22:66);left
696;leftFrontal;MNI(-43:53:0);left
697;leftFrontal;MNI(-27:63:10);left
698;rightParietal;MNI(53:-27:42);right
699;leftTemporal;MNI(-51:-42:-1);left
700;leftTemporal;MNI(-28:-31:-11);left
701;rightFrontal;MNI(9:42:8);right
702;rightFrontal;MNI(30:35:53);right
703;rightOccipital;MNI(32:-63:-8);right
704;leftParietal;MNI(-49:-43:43);left
705;leftFrontal;MNI(-13:40:55);left
706;leftCerebellum;MNI(-7:-47:-32);left
707;rightCerebellum;MNI(36:-29:-26);right
708;leftTemporal;MNI(-44:-24:9);left
709;leftOccipital;MNI(-30:-79:32);left
710;leftFrontal;MNI(0:54:44);left
711;leftParietal;MNI(-44:-54:54);left
712;rightSubcortical;MNI(42:-10:6);right
713;leftParietal;MNI(-3:-55:15);left
714;leftTemporal;MNI(-45:-3:-30);left
715;rightOccipital;MNI(48:-62:9);right
716;rightFrontal;MNI(38:-21:66);right
717;leftFrontal;MNI(-5:3:51);left
718;rightFrontal;MNI(2:1:35);right
719;rightOccipital;MNI(34:-83:13);right
720;rightSubcortical;MNI(16:-21:-1);right
721;rightTemporal;MNI(38:-24:16);right
722;leftTemporal;MNI(-23:15:-36);left
723;leftFrontal;MNI(-37:36:-12);left
724;rightFrontal;MNI(34:20:59);right
725;rightFrontal;MNI(27:67:-5);right
726;leftFrontal;MNI(-33:1:49);left
727;rightParietal;MNI(6:-30:49);right
728;rightTemporal;MNI(67:-26:17);right
729;leftFrontal;MNI(-33:54:-3);left
730;rightFrontal;MNI(9:36:60);right
731;rightFrontal;MNI(54:36:2);right
732;leftParietal;MNI(-23:-50:69);left
733;leftFrontal;MNI(0:43:25);left
734;leftCerebellum;MNI(-30:-51:-31);left
735;leftFrontal;MNI(-54:15:29);left
736;leftOccipital;MNI(-21:-84:-19);left
737;rightTemporal;MNI(32:-28:-19);right
738;rightOccipital;MNI(10:-77:42);right
739;leftTemporal;MNI(-49:12:-8);left
740;rightFrontal;MNI(53:3:50);right
741;leftParietal;MNI(-5:-60:52);left
742;leftSubcortical;MNI(-13:3:-5);left
743;leftOccipital;MNI(-19:-62:6);left
744;leftTemporal;MNI(-60:-5:-3);left
745;rightParietal;MNI(55:-22:26);right
746;rightFrontal;MNI(14:21:59);right
747;rightSubcortical;MNI(19:-22:16);right
748;leftOccipital;MNI(-2:-90:9);left
749;leftFrontal;MNI(-2:23:30);left
750;rightFrontal;MNI(22:18:-21);right
751;rightFrontal;MNI(11:60:-17);right
752;rightOccipital;MNI(29:-84:21);right
753;leftFrontal;MNI(-27:42:40);left
754;rightTemporal;MNI(66:-17:-2);right
755;leftFrontal;MNI(-22:67:-4);left
756;leftTemporal;MNI(-54:-42:-22);left
757;rightParietal;MNI(11:-61:9);right
758;leftSubcortical;MNI(-7:-21:-20);left
759;rightTemporal;MNI(56:-6:-36);right
760;leftTemporal;MNI(-60:-45:15);left
761;rightFrontal;MNI(12:57:42);right
762;leftParietal;MNI(-60:-16:35);left
763;rightParietal;MNI(63:-43:36);right
764;leftParietal;MNI(-23:-64:41);left
765;leftSubcortical;MNI(-3:3:11);left
766;rightParietal;MNI(56:-28:53);right
767;rightFrontal;MNI(46:24:24);right
768;leftFrontal;MNI(-36:16:40);left
769;rightParietal;MNI(29:-69:52);right
770;rightParietal;MNI(15:-39:6);right
771;leftTemporal;MNI(-32:-8:-23);left
772;leftOccipital;MNI(-23:-86:20);left
773;rightFrontal;MNI(17:-30:69);right
774;rightFrontal;MNI(41:24:54);right
775;rightTemporal;MNI(24:-4:-38);right
776;leftFrontal;MNI(-55:19:14);left
777;leftOccipital;MNI(-17:-69:-3);left
778;leftFrontal;MNI(-39:57:-5);left
779;rightParietal;MNI(44:-59:34);right
780;leftTemporal;MNI(-26:-9:-39);left
781;leftFrontal;MNI(-7:61:21);left
782;rightOccipital;MNI(24:-77:-6);right
783;rightTemporal;MNI(41:-21:-15);right
784;leftParietal;MNI(-58:-44:40);left
785;rightFrontal;MNI(56:20:34);right
786;leftFrontal;MNI(-42:38:35);left
787;rightTemporal;MNI(43:5:-42);right
788;leftFrontal;MNI(-41:-7:41);left
789;rightFrontal;MNI(45:23:12);right
790;leftSubcortical;MNI(-27:-8:7);left
791;rightOccipital;MNI(36:-80:-15);right
792;rightTemporal;MNI(62:-23:-24);right
793;leftParietal;MNI(-14:-37:75);left
794;leftParietal;MNI(-8:-35:6);left
795;rightSubcortical;MNI(29:-33:3);right
796;leftParietal;MNI(-2:-45:21);left
797;rightFrontal;MNI(26:53:28);right
798;rightTemporal;MNI(51:5:-24);right
799;rightTemporal;MNI(63:-54:2);right
800;leftTemporal;MNI(-35:-38:-21);left
801;leftTemporal;MNI(-52:-36:17);left
802;rightParietal;MNI(17:-57:59);right
803;rightFrontal;MNI(26:-12:65);right
804;leftFrontal;MNI(-6:55:13);left
805;rightCerebellum;MNI(5:-72:-20);right
806;leftSubcortical;MNI(-39:-3:12);left
807;leftFrontal;MNI(-15:20:66);left
808;leftCerebellum;MNI(-15:-46:-23);left
809;leftFrontal;MNI(-16:-29:73);left
810;leftParietal;MNI(-48:-24:57);left
811;rightFrontal;MNI(9:26:-21);right
812;leftTemporal;MNI(-38:12:-40);left
813;rightOccipital;MNI(45:-78:-10);right
814;rightFrontal;MNI(2:4:52);right
815;rightCerebellum;MNI(12:-58:-31);right
816;rightTemporal;MNI(42:-7:-29);right
817;leftFrontal;MNI(-13:40:-17);left
818;rightFrontal;MNI(30:54:36);right
819;rightParietal;MNI(31:-39:70);right
820;leftOccipital;MNI(-38:-72:12);left
821;leftFrontal;MNI(-40:39:13);left
822;leftTemporal;MNI(-63:-31:6);left
823;rightFrontal;MNI(40:33:2);right
824;rightSubcortical;MNI(13:10:8);right
825;leftParietal;MNI(-36:-69:41);left
826;leftOccipital;MNI(-7:-70:24);left
827;rightParietal;MNI(11:-26:39);right
828;leftFrontal;MNI(-28:60:23);left
829;rightFrontal;MNI(24:-23:72);right
830;rightFrontal;MNI(38:60:13);right
831;rightOccipital;MNI(13:-79:14);right
832;rightFrontal;MNI(9:24:44);right
833;rightOccipital;MNI(22:-94:15);right
834;leftParietal;MNI(-55:-13:28);left
835;rightParietal;MNI(42:-21:47);right
836;leftFrontal;MNI(-48:16:42);left
837;leftParietal;MNI(-19:-35:72);left
838;leftOccipital;MNI(-27:-43:-4);left
839;rightFrontal;MNI(18:61:-13);right
840;rightTemporal;MNI(36:19:-30);right
841;leftTemporal;MNI(-41:-28:19);left
842;leftFrontal;MNI(-2:-19:76);left
843;rightParietal;MNI(12:-68:56);right
844;rightTemporal;MNI(52:-13:-6);right
845;leftFrontal;MNI(-24:34:-10);left
846;rightParietal;MNI(15:-43:75);right
847;leftTemporal;MNI(-56:-33:-21);left
848;rightParietal;MNI(53:-56:35);right
849;leftParietal;MNI(-41:-53:31);left
850;leftFrontal;MNI(-31:6:64);left
851;leftParietal;MNI(-15:-56:60);left
852;leftTemporal;MNI(-25:-15:-27);left
853;rightFrontal;MNI(48:50:-5);right
854;leftParietal;MNI(-17:-52:16);left
855;rightCerebellum;MNI(20:-40:-23);right
856;leftParietal;MNI(-24:-30:61);left
857;rightFrontal;MNI(30:3:68);right
858;rightParietal;MNI(66:-11:18);right
859;leftSubcortical;MNI(-8:-18:-4);left
860;rightOccipital;MNI(42:-83:17);right
861;leftParietal;MNI(-10:-38:45);left
862;leftSubcortical;MNI(-27:15:3);left
863;rightFrontal;MNI(8:14:-13);right
864;rightFrontal;MNI(60:11:14);right
865;rightFrontal;MNI(18:60:29);right
866;leftParietal;MNI(-21:-77:46);left
867;rightParietal;MNI(53:-57:47);right
868;leftFrontal;MNI(-21:-9:73);left
869;rightTemporal;MNI(51:-31:11);right
870;rightSubcortical;MNI(22:18:8);right
871;leftFrontal;MNI(-6:63:2);left
872;leftFrontal;MNI(-34:45:-8);left
873;leftOccipital;MNI(-36:-73:-4);left
874;leftParietal;MNI(-6:-52:47);left
875;leftSubcortical;MNI(-11:11:23);left
876;rightOccipital;MNI(1:-84:28);right
877;leftFrontal;MNI(-40:27:24);left
878;rightFrontal;MNI(13:46:25);right
879;rightTemporal;MNI(29:-15:-9);right
880;leftFrontal;MNI(-29:26:58);left
881;leftOccipital;MNI(-18:-90:18);left
882;rightTemporal;MNI(44:9:-12);right
883;rightFrontal;MNI(39:39:43);right
884;rightFrontal;MNI(31:-6:54);right
885;leftParietal;MNI(-5:-71:49);left
886;leftTemporal;MNI(-34:7:-43);left
887;rightParietal;MNI(47:-15:22);right
888;leftFrontal;MNI(-48:1:35);left
889;rightTemporal;MNI(23:4:-32);right
890;leftTemporal;MNI(-63:-13:-4);left
891;rightFrontal;MNI(47:38:8);right
892;leftCerebellum;MNI(-13:-35:-41);left
893;rightOccipital;MNI(49:-76:-3);right
894;rightFrontal;MNI(58:-6:29);right
895;leftParietal;MNI(-42:-17:53);left
896;leftFrontal;MNI(-49:39:8);left
897;rightParietal;MNI(31:-64:39);right
898;leftParietal;MNI(-60:-31:30);left
899;leftFrontal;MNI(-6:20:43);left
900;leftTemporal;MNI(-51:10:-24);left
901;leftParietal;MNI(-2:-15:36);left
902;rightTemporal;MNI(58:-56:-15);right
903;leftFrontal;MNI(-10:70:-4);left
904;rightFrontal;MNI(64:-10:36);right
905;leftTemporal;MNI(-50:-50:-3);left
906;rightParietal;MNI(67:-36:30);right
907;leftFrontal;MNI(-41:11:26);left
908;leftSubcortical;MNI(-13:-23:17);left
909;leftTemporal;MNI(-60:-9:9);left
910;leftFrontal;MNI(-35:54:27);left
911;leftFrontal;MNI(-7:49:8);left
912;leftParietal;MNI(-5:-49:72);left
913;rightParietal;MNI(35:-49:66);right
914;leftTemporal;MNI(-15:0:-31);left
915;leftParietal;MNI(-54:-59:19);left
916;rightFrontal;MNI(19:38:-18);right
917;leftOccipital;MNI(-11:-94:-2);left
918;rightCerebellum;MNI(1:-60:-42);right
919;leftTemporal;MNI(-32:-1:-16);left
920;rightParietal;MNI(3:-36:37);right
921;leftFrontal;MNI(-48:40:1);left
922;leftFrontal;MNI(-28:18:48);left
923;rightFrontal;MNI(49:29:14);right
924;rightParietal;MNI(60:-59:25);right
925;leftCerebellum;MNI(-43:-68:-24);left
926;rightFrontal;MNI(27:60:5);right
927;rightFrontal;MNI(18:-4:76);right
928;leftCerebellum;MNI(-21:-27:-24);left
929;leftParietal;MNI(-49:-11:21);left
930;rightOccipital;MNI(42:-78:5);right
931;rightFrontal;MNI(10:39:40);right
932;leftParietal;MNI(-33:-68:30);left
933;rightParietal;MNI(28:-40:0);right
934;leftSubcortical;MNI(-3:5:-10);left
935;rightParietal;MNI(38:-72:45);right
936;rightParietal;MNI(22:-60:19);right
937;rightTemporal;MNI(60:-26:-10);right
938;leftParietal;MNI(-60:-29:39);left
939;leftFrontal;MNI(-7:-15:50);left
940;rightTemporal;MNI(61:2:-23);right
941;leftTemporal;MNI(-62:-35:15);left
942;rightCerebellum;MNI(48:-67:-23);right
943;rightFrontal;MNI(15:15:70);right
944;leftSubcortical;MNI(-28:16:12);left
945;rightTemporal;MNI(48:-18:3);right
946;leftTemporal;MNI(-61:-18:-21);left
947;leftFrontal;MNI(-9:-17:75);left
948;leftParietal;MNI(-9:-27:51);left
949;rightFrontal;MNI(12:43:-8);right
950;rightParietal;MNI(22:-38:66);right
951;leftOccipital;MNI(-47:-69:-3);left
952;leftFrontal;MNI(-18:58:24);left
953;rightCerebellum;MNI(21:-28:-22);right
954;leftOccipital;MNI(-26:-88:16);left
955;leftFrontal;MNI(-45:46:16);left
956;rightCerebellum;MNI(2:-60:-44);right
957;rightFrontal;MNI(17:66:21);right
958;rightFrontal;MNI(9:0:55);right
959;rightTemporal;MNI(46:-14:-33);right
960;rightParietal;MNI(35:-42:50);right
961;leftFrontal;MNI(-12:30:-21);left
962;rightOccipital;MNI(11:-93:15);right
963;leftParietal;MNI(-46:-70:17);left
964;leftFrontal;MNI(-17:47:48);left
965;leftCerebellum;MNI(-7:-53:-22);left
966;leftFrontal;MNI(-48:33:30);left
967;rightSubcortical;MNI(35:17:12);right
968;leftSubcortical;MNI(-4:19:0);left
969;leftFrontal;MNI(-33:-18:52);left
970;rightOccipital;MNI(54:-71:17);right
971;leftTemporal;MNI(-57:-53:3);left
972;leftTemporal;MNI(-51:3:-33);left
973;rightFrontal;MNI(14:29:63);right
974;rightCerebellum;MNI(1:-62:-42);right
975;rightOccipital;MNI(18:-72:-1);right
976;leftCerebellum;MNI(-24:-73:-24);left
977;leftFrontal;MNI(-6:40:32);left
978;rightTemporal;MNI(57:13:-8);right
979;rightParietal;MNI(49:-30:51);right
980;rightOccipital;MNI(9:-83:36);right
981;rightSubcortical;MNI(2:-11:18);right
982;rightFrontal;MNI(51:40:17);right
983;leftTemporal;MNI(-40:-15:2);left
984;rightFrontal;MNI(34:53:14);right
985;leftParietal;MNI(-7:-59:33);left
986;rightFrontal;MNI(2:28:-2);right
987;leftParietal;MNI(-10:-64:63);left
988;leftOccipital;MNI(-23:-84:31);left
989;rightSubcortical;MNI(2:-26:-44);right
990;rightFrontal;MNI(41:12:31);right
991;rightParietal;MNI(15:-40:55);right
992;leftFrontal;MNI(-17:13:61);left
993;leftTemporal;MNI(-42:-50:-6);left
994;rightFrontal;MNI(30:44:-8);right
995;rightTemporal;MNI(66:-39:-13);right
996;leftFrontal;MNI(-4:36:43);left
997;rightTemporal;MNI(31:4:-43);right
998;leftFrontal;MNI(-29:29:-15);left
999;leftFrontal;MNI(-25:-7:59);left
1000;leftFrontal;MNI(-6:9:50);left
1001;leftFrontal;MNI(-57:6:8);left
1002;rightCerebellum;MNI(3:-47:-4);right
1003;leftTemporal;MNI(-32:-20:15);left
1004;rightParietal;MNI(9:-58:66);right
1005;leftTemporal;MNI(-27:8:-34);left
1006;rightFrontal;MNI(53:-6:54);right
1007;leftFrontal;MNI(-21:32:44);left
1008;rightOccipital;MNI(13:-81:28);right
1009;leftFrontal;MNI(-35:10:33);left
1010;leftTemporal;MNI(-53:-25:5);left
1011;leftParietal;MNI(-57:-23:47);left
1012;rightFrontal;MNI(49:28:-9);right
1013;rightParietal;MNI(16:-22:45);right
1014;leftFrontal;MNI(-2:69:18);left
1015;leftTemporal;MNI(-41:-11:-25);left
1016;rightTemporal;MNI(66:-11:7);right
1017;leftParietal;MNI(-33:-40:66);left
1018;leftOccipital;MNI(-34:-85:2);left
1019;rightTemporal;MNI(52:-4:-27);right
1020;rightOccipital;MNI(2:-90:-3);right
1021;rightFrontal;MNI(15:-15:70);right
1022;leftFrontal;MNI(-15:48:-16);left
1023;rightFrontal;MNI(49:9:41);right
1024;leftTemporal;MNI(-30:22:-26);left
1025;rightOccipital;MNI(48:-53:19);right
1026;rightFrontal;MNI(9:-21:61);right
1027;rightSubcortical;MNI(17:5:-3);right
1028;rightFrontal;MNI(25:61:-9);right
1029;rightFrontal;MNI(41:39:26);right
1030;rightTemporal;MNI(28:-1:-26);right
1031;rightCerebellum;MNI(9:-45:-33);right
1032;leftFrontal;MNI(-36:24:41);left
1033;rightParietal;MNI(66:-31:34);right
1034;rightFrontal;MNI(12:49:-3);right
1035;leftSubcortical;MNI(-12:-20:6);left
1036;leftSubcortical;MNI(-14:23:0);left
1037;leftOccipital;MNI(-9:-86:12);left
1038;leftFrontal;MNI(-3:49:-8);left
1039;leftTemporal;MNI(-40:-68:-16);left
1040;leftParietal;MNI(-50:-59:37);left
1041;leftSubcortical;MNI(-31:-6:15);left
1042;rightSubcortical;MNI(13:-21:5);right
1043;leftFrontal;MNI(-31:52:15);left
1044;rightOccipital;MNI(41:-78:35);right
1045;leftTemporal;MNI(-60:-34:-16);left
1046;leftParietal;MNI(-34:-36:45);left
1047;leftFrontal;MNI(-41:-6:60);left
1048;rightTemporal;MNI(65:-18:-20);right
1049;rightFrontal;MNI(30:60:27);right
1050;rightParietal;MNI(48:-54:40);right
1051;rightTemporal;MNI(30:11:-39);right
1052;rightFrontal;MNI(42:10:61);right
1053;leftTemporal;MNI(-38:4:-44);left
1054;leftOccipital;MNI(-15:-66:18);left
1055;rightSubcortical;MNI(19:16:18);right
1056;leftParietal;MNI(-38:-53:46);left
1057;rightTemporal;MNI(56:-44:-25);right
1058;leftParietal;MNI(-6:-42:5);left
1059;rightParietal;MNI(46:-34:60);right
1060;rightParietal;MNI(23:-59:67);right
1061;rightTemporal;MNI(45:13:-26);right
1062;leftParietal;MNI(-53:-4:22);left
1063;leftParietal;MNI(-35:-48:53);left
1064;rightSubcortical;MNI(37:-17:18);right
1065;rightOccipital;MNI(34:-90:5);right
1066;leftFrontal;MNI(0:9:36);left
1067;leftTemporal;MNI(-41:24:-18);left
1068;rightFrontal;MNI(50:37:30);right
1069;rightSubcortical;MNI(10:0:13);right
1070;rightOccipital;MNI(24:-76:-15);right
1071;rightTemporal;MNI(45:-1:-43);right
1072;leftParietal;MNI(-29:-75:45);left
1073;leftFrontal;MNI(-46:-12:48);left
1074;rightOccipital;MNI(51:-70:31);right
1075;rightSubcortical;MNI(3:-18:-6);right
1076;leftTemporal;MNI(-42:-56:0);left
1077;rightParietal;MNI(15:-38:-4);right
1078;leftTemporal;MNI(-60:-5:-18);left
1079;rightFrontal;MNI(3:-39:71);right
1080;leftFrontal;MNI(-16:60:-12);left
1081;leftTemporal;MNI(-22:-9:-22);left
1082;rightParietal;MNI(11:-61:18);right
1083;rightTemporal;MNI(60:-57:-6);right
1084;rightFrontal;MNI(54:1:15);right
1085;leftOccipital;MNI(-9:-77:3);left
1086;leftParietal;MNI(-48:-39:31);left
1087;rightFrontal;MNI(53:42:-4);right
1088;rightFrontal;MNI(28:18:64);right
1089;leftOccipital;MNI(-3:-87:-10);left
1090;rightFrontal;MNI(12:60:-9);right
1091;rightFrontal;MNI(3:44:24);right
1092;rightTemporal;MNI(36:-10:-12);right
1093;rightFrontal;MNI(3:-23:54);right
1094;leftOccipital;MNI(-37:-67:-8);left
1095;rightParietal;MNI(46:-28:44);right
1096;leftFrontal;MNI(-43:33:-9);left
1097;leftSubcortical;MNI(0:-25:-29);left
1098;rightParietal;MNI(36:-70:35);right
1099;rightParietal;MNI(39:-51:60);right
1100;rightTemporal;MNI(63:-3:-10);right
1101;rightCerebellum;MNI(13:-75:-26);right
1102;leftFrontal;MNI(-11:15:70);left
1103;leftFrontal;MNI(-15:70:-1);left
1104;leftParietal;MNI(-18:-47:9);left
1105;leftFrontal;MNI(-32:24:13);left
1106;rightFrontal;MNI(26:3:60);right
1107;rightFrontal;MNI(9:55:28);right
1108;leftParietal;MNI(-1:-24:32);left
1109;rightSubcortical;MNI(37:30:10);right
1110;leftParietal;MNI(-39:-59:39);left
1111;leftFrontal;MNI(-24:51:39);left
1112;rightCerebellum;MNI(31:-34:-34);right
1113;leftCerebellum;MNI(-12:-30:-27);left
1114;rightFrontal;MNI(16:27:-22);right
1115;rightTemporal;MNI(48:-35:22);right
1116;rightOccipital;MNI(28:-52:0);right
1117;rightFrontal;MNI(4:51:-15);right
1118;rightFrontal;MNI(8:-6:75);right
1119;leftTemporal;MNI(-44:-39:15);left
1120;rightParietal;MNI(1:-42:52);right
1121;leftFrontal;MNI(-36:-10:65);left
1122;leftCerebellum;MNI(-46:-60:-28);left
1123;rightOccipital;MNI(35:-88:-11);right
1124;leftTemporal;MNI(-30:-23:-7);left
1125;leftSubcortical;MNI(-4:-7:18);left
1126;rightFrontal;MNI(30:51:23);right
1127;rightParietal;MNI(64:-24:42);right
1128;rightTemporal;MNI(47:21:-24);right
1129;rightTemporal;MNI(33:-11:-36);right
1130;leftFrontal;MNI(-11:57:30);left
1131;leftTemporal;MNI(-54:11:-3);left
1132;leftSubcortical;MNI(-22:6:13);left
1133;rightOccipital;MNI(9:-95:8);right
1134;leftFrontal;MNI(-10:-31:76);left
1135;rightFrontal;MNI(2:42:54);right
1136;rightParietal;MNI(66:-10:26);right
1137;leftTemporal;MNI(-39:-33:-15);left
1138;rightCerebellum;MNI(44:-42:-39);right
1139;rightFrontal;MNI(3:47:4);right
1140;rightSubcortical;MNI(37:3:-2);right
1141;leftFrontal;MNI(-44:43:22);left
1142;rightCerebellum;MNI(2:-49:-28);right
1143;leftTemporal;MNI(-50:-26:-4);left
1144;rightFrontal;MNI(27:31:58);right
1145;rightOccipital;MNI(18:-72:9);right
1146;leftTemporal;MNI(-25:-9:-5);left
1147;rightParietal;MNI(60:-52:38);right
1148;rightParietal;MNI(29:-69:33);right
1149;rightSubcortical;MNI(11:-22:15);right
1150;rightFrontal;MNI(9:5:40);right
1151;leftParietal;MNI(-57:-37:42);left
1152;leftParietal;MNI(-33:-72:23);left
1153;rightSubcortical;MNI(6:5:6);right
1154;leftTemporal;MNI(-44:6:-26);left
1155;leftFrontal;MNI(-37:-13:45);left
1156;rightOccipital;MNI(1:-73:42);right
1157;leftFrontal;MNI(-54:16:22);left
1158;rightFrontal;MNI(60:6:4);right
1159;rightFrontal;MNI(57:-1:47);right
1160;leftFrontal;MNI(-25:39:48);left
1161;rightFrontal;MNI(7:56:-22);right
1162;rightSubcortical;MNI(27:6:11);right
1163;leftTemporal;MNI(-40:-20:-27);left
1164;rightTemporal;MNI(60:-47:9);right
1165;rightParietal;MNI(38:-29:66);right
1166;rightCerebellum;MNI(11:-38:-30);right
1167;rightParietal;MNI(32:-37:63);right
1168;rightOccipital;MNI(46:-76:30);right
1169;rightFrontal;MNI(12:62:12);right
1170;leftOccipital;MNI(-12:-95:13);left
1171;leftSubcortical;MNI(-16:-26:11);left
1172;rightOccipital;MNI(52:-63:1);right
1173;leftFrontal;MNI(-29:16:63);left
1174;leftParietal;MNI(-16:-64:50);left
1175;rightCerebellum;MNI(20:-37:-41);right
1176;rightParietal;MNI(5:-34:29);right
1177;rightOccipital;MNI(41:-67:-6);right
1178;rightFrontal;MNI(23:64:25);right
1179;leftTemporal;MNI(-52:-42:-8);left
1180;leftParietal;MNI(-4:-31:60);left
1181;rightFrontal;MNI(45:37:15);right
1182;rightFrontal;MNI(33:6:53);right
1183;rightOccipital;MNI(26:-90:19);right
1184;leftTemporal;MNI(-42:21:-26);left
1185;rightOccipital;MNI(21:-88:-17);right
1186;rightSubcortical;MNI(37:-12:-4);right
1187;rightFrontal;MNI(28:68:1);right
1188;rightFrontal;MNI(51:-7:40);right
1189;leftFrontal;MNI(-16:0:73);left
1190;leftParietal;MNI(-31:-59:44);left
1191;rightTemporal;MNI(66:-17:-9);right
1192;rightCerebellum;MNI(28:-29:-27);right
1193;rightFrontal;MNI(40:53:27);right
1194;leftSubcortical;MNI(-36:-12:15);left
1195;leftFrontal;MNI(-31:64:-2);left
1196;rightTemporal;MNI(45:-30:-24);right
1197;rightTemporal;MNI(40:18:-37);right
1198;leftCerebellum;MNI(-23:-46:-26);left
1199;rightFrontal;MNI(12:-6:48);right
1200;leftOccipital;MNI(-42:-58:13);left
1201;rightParietal;MNI(61:-19:47);right
1202;rightParietal;MNI(9:-45:11);right
1203;leftCerebellum;MNI(-39:-51:-33);left
1204;rightTemporal;MNI(60:-27:5);right
1205;leftFrontal;MNI(-53:22:18);left
1206;leftTemporal;MNI(-49:-10:-1);left
1207;leftParietal;MNI(-51:-5:30);left
1208;rightParietal;MNI(15:-48:59);right
1209;rightSubcortical;MNI(11:18:-3);right
1210;leftFrontal;MNI(-9:70:4);left
1211;leftTemporal;MNI(-57:-9:-27);left
1212;rightFrontal;MNI(3:34:39);right
1213;rightFrontal;MNI(7:-30:75);right
1214;rightTemporal;MNI(63:-52:-5);right
1215;rightParietal;MNI(3:-45:33);right
1216;rightFrontal;MNI(41:30:48);right
1217;leftFrontal;MNI(-6:-6:44);left
1218;rightSubcortical;MNI(16:6:-11);right
1219;leftParietal;MNI(-60:-22:39);left
1220;rightFrontal;MNI(24:-7:72);right
1221;leftSubcortical;MNI(-24:-1:5);left
1222;rightFrontal;MNI(51:11:9);right
1223;rightTemporal;MNI(20:-2:-32);right
1224;leftFrontal;MNI(-36:33:30);left
1225;leftParietal;MNI(-4:-23:41);left
1226;leftOccipital;MNI(-18:-78:-6);left
1227;leftSubcortical;MNI(-8:18:16);left
1228;rightTemporal;MNI(48:-3:0);right
1229;leftTemporal;MNI(-54:-32:-9);left
1230;rightSubcortical;MNI(36:-30:-7);right
1231;leftFrontal;MNI(-1:49:15);left
1232;rightOccipital;MNI(24:-82:28);right
1233;rightOccipital;MNI(32:-82:-7);right
1234;rightSubcortical;MNI(3:-18:-19);right
1235;rightParietal;MNI(3:-67:50);right
1236;leftTemporal;MNI(-23:2:-33);left
1237;leftFrontal;MNI(-46:23:42);left
1238;rightTemporal;MNI(51:7:-39);right
1239;rightFrontal;MNI(13:18:40);right
1240;leftFrontal;MNI(-18:66:22);left
1241;leftCerebellum;MNI(-31:-35:-33);left
1242;rightOccipital;MNI(48:-56:13);right
1243;rightFrontal;MNI(34:28:42);right
1244;leftFrontal;MNI(-25:57:5);left
1245;leftParietal;MNI(-45:-45:56);left
1246;rightCerebellum;MNI(44:-59:-21);right
1247;leftCerebellum;MNI(-7:-66:-24);left
1248;rightParietal;MNI(50:-20:49);right
1249;leftParietal;MNI(-30:-58:60);left
1250;rightSubcortical;MNI(38:2:9);right
1251;leftOccipital;MNI(-29:-86:10);left
1252;leftParietal;MNI(-57:-6:40);left
1253;leftFrontal;MNI(-18:36:-12);left
1254;rightFrontal;MNI(9:-21:68);right
1255;leftTemporal;MNI(-46:-51:4);left
1256;leftTemporal;MNI(-34:-15:-32);left
1257;rightFrontal;MNI(48:10:53);right
1258;leftFrontal;MNI(-20:-3:59);left
1259;rightParietal;MNI(53:-17:14);right
1260;leftCerebellum;MNI(-2:-40:-24);left
1261;leftTemporal;MNI(-20:-19:-9);left
1262;rightFrontal;MNI(48:51:10);right
1263;leftOccipital;MNI(-23:-49:0);left
1264;rightFrontal;MNI(9:32:54);right
1265;rightOccipital;MNI(1:-74:15);right
1266;leftFrontal;MNI(-58:4:19);left
1267;rightFrontal;MNI(9:66:25);right
1268;rightParietal;MNI(66:-43:23);right
1269;rightSubcortical;MNI(6:-24:0);right
1270;rightParietal;MNI(51:-37:57);right
1271;leftFrontal;MNI(-7:18:59);left
1272;rightOccipital;MNI(12:-87:-6);right
1273;rightTemporal;MNI(46:-50:-17);right
1274;leftTemporal;MNI(-44:18:-6);left
1275;rightFrontal;MNI(55:7:25);right
1276;leftSubcortical;MNI(-33:0:5);left
1277;rightTemporal;MNI(58:-12:-32);right
1278;rightFrontal;MNI(36:21:-21);right
1279;leftFrontal;MNI(-48:27:36);left
1280;leftFrontal;MNI(-24:-27:69);left
1281;leftFrontal;MNI(-3:-10:63);left
1282;leftOccipital;MNI(-5:-78:27);left
1283;rightFrontal;MNI(6:44:-24);right
1284;leftParietal;MNI(-48:-20:48);left
1285;leftTemporal;MNI(-38:-60:-7);left
1286;leftTemporal;MNI(-63:-33:-6);left
1287;rightFrontal;MNI(46:55:1);right
1288;rightTemporal;MNI(54:17:-15);right
1289;rightFrontal;MNI(24:57:33);right
1290;rightSubcortical;MNI(14:12:18);right
1291;leftTemporal;MNI(-26:1:-10);left
1292;rightParietal;MNI(12:-49:73);right
1293;leftFrontal;MNI(-25:51:21);left
1294;leftParietal;MNI(-54:-20:19);left
1295;rightFrontal;MNI(26:17:54);right
1296;leftSubcortical;MNI(-8:11:15);left
1297;rightTemporal;MNI(66:-26:-20);right
1298;rightFrontal;MNI(16:7:72);right
1299;rightTemporal;MNI(21:4:-24);right
1300;leftOccipital;MNI(-28:-82:-16);left
1301;rightParietal;MNI(41:-49:45);right
1302;rightParietal;MNI(24:-48:4);right
1303;leftFrontal;MNI(-5:51:39);left
1304;rightParietal;MNI(58:-21:36);right
1305;leftTemporal;MNI(-39:-18:9);left
1306;leftParietal;MNI(-27:-48:52);left
1307;leftFrontal;MNI(-13:20:-21);left
1308;rightFrontal;MNI(31:41:32);right
1309;leftTemporal;MNI(-57:1:-18);left
1310;rightTemporal;MNI(28:-1:-42);right
1311;leftSubcortical;MNI(0:-17:-32);left
1312;leftFrontal;MNI(-4:21:51);left
1313;leftFrontal;MNI(-48:37:20);left
1314;rightParietal;MNI(4:-45:16);right
1315;leftParietal;MNI(-46:-66:34);left
1316;leftOccipital;MNI(-12:-84:-19);left
1317;rightParietal;MNI(16:-35:43);right
1318;leftFrontal;MNI(-49:3:49);left
1319;leftTemporal;MNI(-45:-11:-9);left
1320;rightParietal;MNI(36:-37:56);right
1321;leftFrontal;MNI(-15:37:49);left
1322;rightFrontal;MNI(14:51:48);right
1323;leftTemporal;MNI(-29:-18:-20);left
1324;leftFrontal;MNI(-37:33:2);left
1325;leftSubcortical;MNI(-3:-19:6);left
1326;leftTemporal;MNI(-46:-60:-15);left
1327;leftParietal;MNI(0:-55:66);left
1328;leftFrontal;MNI(-47:8:30);left
1329;rightOccipital;MNI(20:-75:36);right
1330;rightSubcortical;MNI(32:30:-2);right
1331;rightFrontal;MNI(3:5:72);right
1332;rightOccipital;MNI(45:-72:8);right
1333;rightFrontal;MNI(54:27:1);right
1334;rightFrontal;MNI(3:62:-16);right
1335;rightTemporal;MNI(55:-3:-20);right
1336;leftTemporal;MNI(-30:-38:-11);left
1337;rightFrontal;MNI(8:36:16);right
1338;rightOccipital;MNI(13:-59:-4);right
1339;leftSubcortical;MNI(-9:-7:13);left
1340;leftParietal;MNI(-21:-66:58);left
1341;leftParietal;MNI(-41:-24:25);left
1342;rightFrontal;MNI(28:50:41);right
1343;leftTemporal;MNI(-44:-6:-38);left
1344;rightTemporal;MNI(33:9:-28);right
1345;leftFrontal;MNI(-21:57:35);left
1346;leftFrontal;MNI(-25:-3:69);left
1347;leftParietal;MNI(-33:-34:65);left
1348;rightFrontal;MNI(41:22:33);right
1349;leftOccipital;MNI(-43:-76:-2);left
1350;rightParietal;MNI(51:-45:47);right
1351;rightTemporal;MNI(39:-30:-15);right
1352;rightFrontal;MNI(42:-10:21);right
1353;leftFrontal;MNI(0:22:66);left
1354;leftParietal;MNI(-20:-39:65);left
1355;leftOccipital;MNI(-26:-90:5);left
1356;rightParietal;MNI(12:-52:35);right
1357;rightCerebellum;MNI(55:-51:-35);right
1358;leftTemporal;MNI(-18:-4:-37);left
1359;rightOccipital;MNI(44:-64:19);right
1360;leftFrontal;MNI(-51:30:8);left
1361;rightParietal;MNI(60:-20:19);right
1362;rightOccipital;MNI(21:-94:-7);right
1363;leftFrontal;MNI(-29:50:-8);left
1364;rightCerebellum;MNI(5:-40:-36);right
1365;leftFrontal;MNI(-25:37:35);left
1366;rightParietal;MNI(47:-29:25);right
1367;rightFrontal;MNI(3:48:10);right
1368;leftParietal;MNI(-9:-35:69);left
1369;rightFrontal;MNI(4:66:-6);right
1370;leftParietal;MNI(-48:-54:47);left
1371;rightTemporal;MNI(61:-35:-5);right
1372;rightCerebellum;MNI(3:-60:-46);right
1373;leftTemporal;MNI(-29:5:-42);left
1374;leftTemporal;MNI(-63:-28:-10);left
1375;rightSubcortical;MNI(27:1:-3);right
1376;rightParietal;MNI(45:-60:51);right
1377;leftSubcortical;MNI(-14:11:15);left
1378;leftParietal;MNI(-9:-60:23);left
1379;leftParietal;MNI(-30:-41:52);left
1380;leftCerebellum;MNI(-7:-44:-6);left
1381;rightFrontal;MNI(56:10:43);right
1382;rightFrontal;MNI(37:55:-10);right
1383;rightFrontal;MNI(21:38:47);right
1384;leftFrontal;MNI(-7:34:30);left
1385;leftTemporal;MNI(-36:12:-30);left
1386;rightParietal;MNI(58:-47:18);right
1387;rightParietal;MNI(41:-45:54);right
1388;rightFrontal;MNI(5:-5:36);right
1389;rightFrontal;MNI(15:35:-23);right
1390;leftFrontal;MNI(-36:46:9);left
1391;rightTemporal;MNI(40:0:-36);right
1392;rightFrontal;MNI(3:25:36);right
1393;leftCerebellum;MNI(-12:-72:-14);left
1394;leftFrontal;MNI(-33:9:48);left
1395;leftTemporal;MNI(-49:-37:5);left
1396;leftSubcortical;MNI(-6:-8:-10);left
1397;rightFrontal;MNI(45:16:12);right
1398;leftParietal;MNI(-13:-76:48);left
1399;rightSubcortical;MNI(23:-33:7);right
1400;rightFrontal;MNI(12:60:20);right
1401;leftOccipital;MNI(-38:-73:5);left
1402;leftParietal;MNI(-60:-3:19);left
1403;rightOccipital;MNI(33:-89:17);right
1404;leftCerebellum;MNI(-44:-48:-38);left
1405;leftFrontal;MNI(-19:11:69);left
1406;rightParietal;MNI(26:-53:68);right
1407;rightSubcortical;MNI(6:-12:11);right
1408;rightTemporal;MNI(66:-12:1);right
1409;leftFrontal;MNI(-6:61:-7);left
1410;rightFrontal;MNI(10:33:23);right
1411;rightFrontal;MNI(57:18:27);right
1412;leftSubcortical;MNI(-14:16:-2);left
1413;rightFrontal;MNI(10:-15:76);right
1414;leftParietal;MNI(-6:-54:57);left
1415;leftTemporal;MNI(-57:-23:9);left
1416;rightCerebellum;MNI(26:-69:-24);right
1417;leftParietal;MNI(-32:-62:54);left
1418;leftSubcortical;MNI(-11:-10:19);left
1419;leftFrontal;MNI(-28:30:42);left
1420;rightFrontal;MNI(27:57:18);right
1421;rightTemporal;MNI(27:-13:-18);right
1422;leftTemporal;MNI(-51:-24:-25);left
1423;leftFrontal;MNI(-37:-10:53);left
1424;rightParietal;MNI(56:-40:40);right
1425;rightFrontal;MNI(47:0:47);right
1426;rightOccipital;MNI(4:-89:15);right
1427;rightFrontal;MNI(12:-15:50);right
1428;leftCerebellum;MNI(-27:-39:-23);left
1429;rightParietal;MNI(60:-56:31);right
1430;rightTemporal;MNI(51:13:-32);right
1431;leftParietal;MNI(-40:-10:21);left
1432;rightSubcortical;MNI(6:-24:-22);right
1433;leftTemporal;MNI(-21:-15:-19);left
1434;rightFrontal;MNI(23:64:0);right
1435;leftOccipital;MNI(-19:-37:-7);left
1436;rightFrontal;MNI(46:24:47);right
1437;leftFrontal;MNI(-16:54:42);left
1438;rightTemporal;MNI(45:-12:-24);right
1439;leftParietal;MNI(-36:-79:23);left
1440;rightSubcortical;MNI(23:12:-10);right
1441;rightCerebellum;MNI(16:-56:-22);right
1442;leftFrontal;MNI(-38:58:3);left
1443;rightParietal;MNI(34:-62:57);right
1444;leftFrontal;MNI(-36:27:52);left
1445;leftFrontal;MNI(-37:15:29);left
1446;rightCerebellum;MNI(39:-36:-29);right
1447;leftOccipital;MNI(-23:-90:-7);left
1448;leftParietal;MNI(-42:-27:53);left
1449;rightFrontal;MNI(9:38:-2);right
1450;leftFrontal;MNI(-8:-8:69);left
1451;rightCerebellum;MNI(36:-48:-31);right
1452;leftFrontal;MNI(-12:66:25);left
1453;leftParietal;MNI(-41:-51:24);left
1454;rightFrontal;MNI(17:4:65);right
1455;rightFrontal;MNI(3:26:-12);right
1456;leftFrontal;MNI(-46:46:-1);left
1457;rightCerebellum;MNI(11:-62:-42);right
1458;rightOccipital;MNI(29:-83:34);right
1459;leftOccipital;MNI(-9:-87:28);left
1460;leftFrontal;MNI(-24:34:-17);left
1461;rightSubcortical;MNI(42:8:6);right
1462;rightSubcortical;MNI(33:-46:-4);right
1463;rightFrontal;MNI(3:58:11);right
1464;leftTemporal;MNI(-56:-2:-26);left
1465;rightParietal;MNI(67:-20:25);right
1466;leftFrontal;MNI(-23:68:12);left
1467;leftFrontal;MNI(-3:28:62);left
1468;leftParietal;MNI(-60:-10:33);left
1469;rightTemporal;MNI(17:-11:-18);right
1470;leftTemporal;MNI(-40:-49:-16);left
1471;rightParietal;MNI(9:-36:46);right
1472;rightParietal;MNI(4:-55:15);right
1473;rightTemporal;MNI(60:4:-14);right
1474;rightFrontal;MNI(40:62:5);right
1475;leftTemporal;MNI(-45:19:-13);left
1476;rightSubcortical;MNI(17:23:11);right
1477;leftFrontal;MNI(-33:40:30);left
1478;leftTemporal;MNI(-54:-17:-20);left
1479;leftFrontal;MNI(-22:16:52);left
1480;rightFrontal;MNI(24:-15:72);right
1481;leftFrontal;MNI(-4:44:4);left
1482;rightOccipital;MNI(42:-72:26);right
1483;leftSubcortical;MNI(-6:-26:-34);left
1484;leftSubcortical;MNI(-4:4:3);left
1485;rightSubcortical;MNI(32:-9:2);right
1486;leftCerebellum;MNI(-17:-53:-16);left
1487;leftTemporal;MNI(-63:-16:3);left
1488;leftTemporal;MNI(-12:-6:-26);left
1489;rightTemporal;MNI(58:-24:-18);right
1490;rightFrontal;MNI(13:48:11);right
1491;rightFrontal;MNI(15:12:63);right
1492;rightFrontal;MNI(27:21:-14);right
1493;rightOccipital;MNI(4:-69:-2);right
1494;rightFrontal;MNI(42:-14:57);right
1495;leftTemporal;MNI(-50:-27:21);left
1496;rightTemporal;MNI(64:-2:-16);right
1497;leftCerebellum;MNI(-14:-24:-22);left
1498;rightParietal;MNI(50:-45:23);right
1499;leftSubcortical;MNI(-34:12:3);left
1500;rightParietal;MNI(12:-45:0);right
1501;leftTemporal;MNI(-30:1:-22);left
1502;leftCerebellum;MNI(-45:-60:-21);left
1503;leftParietal;MNI(-11:-21:45);left
1504;rightFrontal;MNI(42:8:47);right
1505;leftParietal;MNI(-60:-36:36);left
1506;rightFrontal;MNI(1:47:48);right
1507;rightFrontal;MNI(44:53:-9);right
1508;rightOccipital;MNI(43:-76:-17);right
1509;leftParietal;MNI(-37:-63:33);left
1510;rightOccipital;MNI(20:-66:12);right
1511;rightSubcortical;MNI(10:-4:5);right
1512;leftFrontal;MNI(-6:14:45);left
1513;leftTemporal;MNI(-48:-43:10);left
1514;rightFrontal;MNI(36:0:59);right
1515;leftFrontal;MNI(-44:13:0);left
1516;rightFrontal;MNI(2:-29:75);right
1517;rightParietal;MNI(41:-66:38);right
1518;rightOccipital;MNI(7:-85:27);right
1519;rightSubcortical;MNI(46:18:1);right
1520;leftFrontal;MNI(-26:55:-9);left
1521;rightFrontal;MNI(41:27:38);right
1522;leftFrontal;MNI(-57:4:32);left
1523;rightTemporal;MNI(52:-25:6);right
1524;leftFrontal;MNI(0:33:19);left
1525;rightFrontal;MNI(44:29:9);right
1526;leftParietal;MNI(-2:-31:48);left
1527;leftFrontal;MNI(-6:62:11);left
1528;leftOccipital;MNI(-42:-58:7);left
1529;leftTemporal;MNI(-38:8:-19);left
1530;rightTemporal;MNI(33:-6:-42);right
1531;leftFrontal;MNI(-41:21:49);left
1532;leftParietal;MNI(-32:-28:58);left
1533;leftFrontal;MNI(-14:63:-5);left
1534;rightOccipital;MNI(28:-90:-11);right
1535;rightFrontal;MNI(11:53:36);right
1536;rightParietal;MNI(32:-30:69);right
1537;leftTemporal;MNI(-32:13:-39);left
1538;rightTemporal;MNI(54:-50:-16);right
1539;rightParietal;MNI(19:-54:15);right
1540;leftOccipital;MNI(-15:-59:-7);left
1541;rightSubcortical;MNI(45:4:-6);right
1542;rightFrontal;MNI(12:51:-12);right
1543;leftOccipital;MNI(-16:-46:-3);left
1544;rightFrontal;MNI(4:-10:67);right
1545;rightParietal;MNI(12:-54:45);right
1546;rightFrontal;MNI(51:31:32);right
1547;leftParietal;MNI(-9:-51:63);left
1548;leftTemporal;MNI(-29:-4:-33);left
1549;rightFrontal;MNI(29:26:-19);right
1550;rightParietal;MNI(53:-14:22);right
1551;rightOccipital;MNI(10:-93:-7);right
1552;rightCerebellum;MNI(3:-63:-42);right
1553;leftParietal;MNI(-24:-60:49);left
1554;rightTemporal;MNI(39:11:-38);right
1555;rightSubcortical;MNI(26:-32:-5);right
1556;rightFrontal;MNI(2:33:50);right
1557;rightOccipital;MNI(46:-79:21);right
1558;leftFrontal;MNI(-3:9:57);left
1559;leftSubcortical;MNI(-27:23:8);left
1560;leftFrontal;MNI(-44:12:19);left
1561;rightFrontal;MNI(38:-7:66);right
1562;rightTemporal;MNI(27:-21:-25);right
1563;rightTemporal;MNI(63:-40:-8);right
1564;rightOccipital;MNI(8:-71:10);right
1565;leftFrontal;MNI(-32:34:-9);left
1566;rightFrontal;MNI(35:29:55);right
1567;leftCerebellum;MNI(-1:-41:-36);left
1568;leftFrontal;MNI(-22:57:18);left
1569;rightParietal;MNI(45:-23:54);right
1570;rightTemporal;MNI(58:-17:-12);right
1571;rightFrontal;MNI(33:63:15);right
1572;rightTemporal;MNI(50:-67:-16);right
1573;leftOccipital;MNI(-6:-77:42);left
1574;leftTemporal;MNI(-44:-40:-24);left
1575;leftTemporal;MNI(-48:-3:-13);left
1576;leftSubcortical;MNI(-24:24:0);left
1577;leftFrontal;MNI(-23:32:56);left
1578;rightFrontal;MNI(45:47:27);right
1579;rightFrontal;MNI(9:9:53);right
1580;leftParietal;MNI(-47:-60:19);left
1581;rightTemporal;MNI(56:-19:-27);right
1582;rightOccipital;MNI(18:-44:-10);right
1583;rightCerebellum;MNI(1:-59:-46);right
1584;rightParietal;MNI(33:-53:46);right
1585;rightFrontal;MNI(3:19:-17);right
1586;leftParietal;MNI(-18:-69:33);left
1587;leftParietal;MNI(-52:-12:35);left
1588;leftTemporal;MNI(-28:-12:-35);left
1589;rightTemporal;MNI(63:-26:-2);right
1590;rightFrontal;MNI(3:18:40);right
1591;rightOccipital;MNI(45:-71:0);right
1592;leftParietal;MNI(-54:-38:25);left
1593;rightSubcortical;MNI(2:-27:-36);right
1594;rightParietal;MNI(1:-39:25);right
1595;rightTemporal;MNI(50:19:-7);right
1596;rightFrontal;MNI(6:15:70);right
1597;rightParietal;MNI(25:-46:63);right
1598;rightFrontal;MNI(12:46:43);right
1599;rightOccipital;MNI(24:-67:-4);right
1600;leftTemporal;MNI(-30:-16:-8);left
1601;leftOccipital;MNI(-30:-65:-13);left
1602;leftFrontal;MNI(-27:54:34);left
1603;rightFrontal;MNI(49:15:34);right
1604;rightFrontal;MNI(17:33:57);right
1605;leftOccipital;MNI(-1:-80:-1);left
1606;leftTemporal;MNI(-64:-38:4);left
1607;rightTemporal;MNI(29:-1:-32);right
1608;rightTemporal;MNI(47:-59:-12);right
1609;rightTemporal;MNI(45:-11:-3);right
1610;leftFrontal;MNI(-26:-19:70);left
1611;rightFrontal;MNI(19:-18:77);right
1612;leftTemporal;MNI(-35:19:-22);left
1613;rightCerebellum;MNI(41:-56:-31);right
1614;leftFrontal;MNI(-32:38:45);left
1615;rightFrontal;MNI(9:13:38);right
1616;leftOccipital;MNI(-27:-76:25);left
1617;rightCerebellum;MNI(37:-40:-35);right
1618;leftTemporal;MNI(-33:-30:-25);left
1619;rightTemporal;MNI(33:4:-12);right
1620;rightOccipital;MNI(25:-93:10);right
1621;leftFrontal;MNI(-34:-19:59);left
1622;rightParietal;MNI(41:-30:22);right
1623;rightParietal;MNI(11:-33:57);right
1624;rightOccipital;MNI(57:-65:-4);right
1625;rightSubcortical;MNI(17:20:-7);right
1626;leftFrontal;MNI(-40:38:-4);left
1627;leftSubcortical;MNI(-4:-26:2);left
1628;rightCerebellum;MNI(3:-61:-7);right
1629;rightCerebellum;MNI(8:-61:-45);right
1630;rightFrontal;MNI(51:-10:47);right
1631;leftFrontal;MNI(-32:48:34);left
1632;rightParietal;MNI(5:-64:37);right
1633;leftFrontal;MNI(-1:39:14);left
1634;leftParietal;MNI(-51:-35:38);left
1635;leftFrontal;MNI(-42:53:9);left
1636;rightParietal;MNI(60:-28:21);right
1637;leftTemporal;MNI(-49:-33:-14);left
1638;leftOccipital;MNI(-27:-77:-6);left
1639;rightFrontal;MNI(1:63:26);right
1640;leftTemporal;MNI(-20:10:-31);left
1641;leftFrontal;MNI(-30:33:0);left
1642;rightTemporal;MNI(39:6:-28);right
1643;leftSubcortical;MNI(-4:-23:-12);left
1644;rightParietal;MNI(39:-31:58);right
1645;rightFrontal;MNI(1:-9:42);right
1646;rightFrontal;MNI(3:50:-24);right
1647;leftFrontal;MNI(-33:14:53);left
1648;leftTemporal;MNI(-62:-15:-11);left
1649;leftTemporal;MNI(-39:9:-9);left
1650;rightFrontal;MNI(9:22:66);right
1651;leftSubcortical;MNI(-35:-3:19);left
1652;rightParietal;MNI(10:-39:67);right
1653;rightTemporal;MNI(42:-43:-12);right
1654;rightParietal;MNI(52:-60:27);right
1655;rightSubcortical;MNI(13:-21:-8);right
1656;rightParietal;MNI(28:-76:47);right
1657;leftFrontal;MNI(-5:53:20);left
1658;rightFrontal;MNI(42:45:12);right
1659;leftTemporal;MNI(-48:10:-33);left
1660;rightParietal;MNI(3:-57:46);right
1661;rightFrontal;MNI(23:-2:65);right
1662;leftCerebellum;MNI(-34:-49:-23);left
1663;rightTemporal;MNI(53:-5:-11);right
1664;leftFrontal;MNI(-45:20:20);left
1665;leftTemporal;MNI(-57:-52:10);left
1666;leftFrontal;MNI(-6:37:51);left
1667;rightTemporal;MNI(57:-36:21);right
1668;leftOccipital;MNI(-6:-55:2);left
1669;rightParietal;MNI(4:-24:42);right
1670;leftTemporal;MNI(-52:-11:-16);left
1671;rightFrontal;MNI(38:42:-8);right
1672;leftFrontal;MNI(-5:23:-20);left
1673;rightParietal;MNI(41:-58:57);right
1674;leftParietal;MNI(-27:-36:60);left
1675;rightOccipital;MNI(20:-97:0);right
1676;rightFrontal;MNI(9:69:0);right
1677;leftSubcortical;MNI(-20:9:1);left
1678;rightFrontal;MNI(52:0:40);right
1679;leftParietal;MNI(-46:-31:27);left
1680;leftSubcortical;MNI(-14:7:22);left
1681;leftParietal;MNI(-6:-52:26);left
1682;rightTemporal;MNI(50:-28:-17);right
1683;rightCerebellum;MNI(22:-51:-15);right
1684;rightOccipital;MNI(15:-86:33);right
1685;rightParietal;MNI(24:-30:73);right
1686;rightParietal;MNI(54:-33:42);right
1687;leftFrontal;MNI(-50:19:35);left
1688;leftFrontal;MNI(-4:57:29);left
1689;rightParietal;MNI(58:-46:26);right
1690;rightSubcortical;MNI(5:6:-8);right
1691;leftOccipital;MNI(-8:-90:-8);left
1692;leftParietal;MNI(-37:-44:45);left
1693;rightFrontal;MNI(60:10:8);right
1694;rightParietal;MNI(16:-39:49);right
1695;leftCerebellum;MNI(-28:-39:-41);left
1696;rightFrontal;MNI(32:26:49);right
1697;leftParietal;MNI(-54:-18:51);left
1698;rightCerebellum;MNI(11:-65:-25);right
1699;leftTemporal;MNI(-24:0:-42);left
1700;leftOccipital;MNI(-2:-87:21);left
1701;leftFrontal;MNI(-6:24:38);left
1702;leftFrontal;MNI(0:69:3);left
1703;leftFrontal;MNI(-17:21:57);left
1704;rightTemporal;MNI(37:-10:-21);right
1705;rightParietal;MNI(23:-63:52);right
1706;leftFrontal;MNI(-4:27:-8);left
1707;rightFrontal;MNI(3:46:39);right
1708;leftFrontal;MNI(-25:63:-9);left
1709;leftTemporal;MNI(-53:-6:3);left
1710;rightFrontal;MNI(42:18:39);right
1711;rightFrontal;MNI(13:63:5);right
1712;leftCerebellum;MNI(-26:-81:-26);left
1713;rightParietal;MNI(57:-63:33);right
1714;leftParietal;MNI(-4:-41:73);left
1715;rightSubcortical;MNI(2:-3:5);right
1716;rightSubcortical;MNI(37:16:3);right
1717;rightTemporal;MNI(60:-39:15);right
1718;leftTemporal;MNI(-21:-1:-20);left
1719;rightFrontal;MNI(45:45:-3);right
1720;leftOccipital;MNI(-12:-84:34);left
1721;leftFrontal;MNI(-38:28:11);left
1722;leftFrontal;MNI(-8:1:67);left
1723;rightFrontal;MNI(44:-5:12);right
1724;rightFrontal;MNI(27:46:45);right
1725;rightTemporal;MNI(46:-3:-36);right
1726;rightFrontal;MNI(10:-30:69);right
1727;rightFrontal;MNI(55:-18:42);right
1728;rightCerebellum;MNI(15:-44:-40);right
1729;leftCerebellum;MNI(-37:-66:-28);left
1730;leftFrontal;MNI(-40:12:44);left
1731;rightFrontal;MNI(38:23:13);right
1732;rightParietal;MNI(39:-38:44);right
1733;rightParietal;MNI(3:-63:58);right
1734;leftFrontal;MNI(-10:45:45);left
1735;leftFrontal;MNI(-1:37:-23);left
1736;leftOccipital;MNI(-28:-89:-2);left
1737;rightFrontal;MNI(30:48:-14);right
1738;rightOccipital;MNI(20:-65:35);right
1739;leftFrontal;MNI(-43:50:-7);left
1740;leftParietal;MNI(-51:-28:51);left
1741;leftFrontal;MNI(-4:54:-14);left
1742;rightParietal;MNI(49:-28:60);right
1743;rightTemporal;MNI(58:-21:10);right
1744;rightFrontal;MNI(37:49:19);right
1745;rightFrontal;MNI(42:27:-7);right
1746;rightSubcortical;MNI(5:-20:-38);right
1747;rightParietal;MNI(3:-51:25);right
1748;leftTemporal;MNI(-17:-6:-10);left
1749;rightFrontal;MNI(14:70:16);right
1750;leftFrontal;MNI(-54:3:41);left
1751;leftCerebellum;MNI(-8:-44:-15);left
1752;rightParietal;MNI(2:-60:27);right
1753;leftParietal;MNI(-51:-45:33);left
1754;leftTemporal;MNI(-48:-9:-25);left
1755;rightParietal;MNI(16:-28:44);right
1756;rightFrontal;MNI(43:32:30);right
1757;rightSubcortical;MNI(2:-4:11);right
1758;rightTemporal;MNI(57:-11:-15);right
1759;leftParietal;MNI(-39:-27:63);left
1760;rightCerebellum;MNI(31:-41:-22);right
1761;leftFrontal;MNI(-38:3:61);left
1762;rightOccipital;MNI(12:-87:10);right
1763;rightFrontal;MNI(54:30:24);right
1764;leftTemporal;MNI(-48:-16:9);left
1765;rightOccipital;MNI(29:-78:24);right
1766;leftTemporal;MNI(-42:-29:-25);left
1767;rightSubcortical;MNI(24:21:-1);right
1768;rightParietal;MNI(18:-57:5);right
1769;rightParietal;MNI(22:-63:60);right
1770;leftParietal;MNI(-39:-20:45);left
1771;rightCerebellum;MNI(32:-75:-21);right
1772;leftFrontal;MNI(-40:51:18);left
1773;leftTemporal;MNI(-57:-48:-12);left
1774;rightFrontal;MNI(21:27:55);right
1775;leftSubcortical;MNI(-14:-33:9);left
1776;leftParietal;MNI(-45:-61:45);left
1777;leftFrontal;MNI(-6:39:21);left
1778;rightTemporal;MNI(56:-48:-4);right
1779;rightOccipital;MNI(43:-59:-5);right
1780;rightFrontal;MNI(47:7:15);right
1781;leftTemporal;MNI(-41:3:-34);left
1782;rightParietal;MNI(33:-49:52);right
1783;rightCerebellum;MNI(8:-62:-44);right
1784;leftCerebellum;MNI(-6:-58:-31);left
1785;rightFrontal;MNI(12:56:0);right
1786;rightOccipital;MNI(5:-76:35);right
1787;leftOccipital;MNI(-29:-79:17);left
1788;leftCerebellum;MNI(0:-62:-43);left
1789;rightFrontal;MNI(50:-11:58);right
1790;rightCerebellum;MNI(45:-61:-35);right
1791;rightTemporal;MNI(63:-2:6);right
1792;leftTemporal;MNI(-48:-50:-12);left
1793;rightFrontal;MNI(3:-14:60);right
1794;rightTemporal;MNI(18:-1:-16);right
1795;leftTemporal;MNI(-52:-46:15);left
1796;rightFrontal;MNI(44:54:15);right
1797;leftOccipital;MNI(-7:-71:17);left
1798;leftTemporal;MNI(-45:-16:-3);left
1799;leftFrontal;MNI(-32:-8:58);left
1800;rightParietal;MNI(45:-54:47);right
1801;leftParietal;MNI(-6:-38:63);left
1802;rightFrontal;MNI(9:46:33);right
1803;leftFrontal;MNI(-36:59:12);left
1804;rightFrontal;MNI(35:8:65);right
1805;leftFrontal;MNI(-23:59:-3);left
1806;rightCerebellum;MNI(1:-58:-48);right
1807;rightFrontal;MNI(57:20:7);right
1808;leftSubcortical;MNI(-31:15:-13);left
1809;leftOccipital;MNI(-2:-63:8);left
1810;leftTemporal;MNI(-39:-16:-20);left
1811;rightFrontal;MNI(3:9:44);right
1812;rightTemporal;MNI(57:-36:-13);right
1813;leftParietal;MNI(-42:-54:18);left
1814;rightOccipital;MNI(50:-78:4);right
1815;rightFrontal;MNI(3:54:-1);right
1816;rightOccipital;MNI(18:-90:22);right
1817;leftSubcortical;MNI(-17:21:-9);left
1818;rightTemporal;MNI(66:-32:10);right
1819;rightParietal;MNI(11:-37:35);right
1820;leftSubcortical;MNI(-11:-12:14);left
1821;leftTemporal;MNI(-49:-58:0);left
1822;rightSubcortical;MNI(7:-21:-32);right
1823;leftFrontal;MNI(-45:12:36);left
1824;rightFrontal;MNI(30:45:28);right
1825;leftOccipital;MNI(-23:-85:-11);left
1826;leftParietal;MNI(-18:-60:25);left
1827;leftSubcortical;MNI(-3:-33:-5);left
1828;leftTemporal;MNI(-52:-45:5);left
1829;leftOccipital;MNI(-37:-83:9);left
1830;rightFrontal;MNI(4:44:16);right
1831;rightFrontal;MNI(24:10:69);right
1832;rightCerebellum;MNI(11:-64:-13);right
1833;rightCerebellum;MNI(5:-60:-21);right
1834;leftTemporal;MNI(-44:-30:4);left
1835;rightParietal;MNI(40:-28:51);right
1836;leftFrontal;MNI(-20:12:55);left
1837;rightFrontal;MNI(39:54:-1);right
1838;rightCerebellum;MNI(2:-56:-47);right
1839;rightSubcortical;MNI(6:-4:-3);right
1840;rightParietal;MNI(8:-72:48);right
1841;rightFrontal;MNI(4:33:29);right
1842;rightParietal;MNI(45:-21:17);right
1843;leftOccipital;MNI(-19:-69:-12);left
1844;rightFrontal;MNI(34:32:-15);right
1845;leftCerebellum;MNI(-9:-38:-28);left
1846;rightSubcortical;MNI(21:-22:-9);right
1847;leftFrontal;MNI(-18:-9:68);left
1848;leftFrontal;MNI(-36:43:23);left
1849;leftTemporal;MNI(-64:-26:10);left
1850;rightFrontal;MNI(10:25:52);right
1851;leftParietal;MNI(-51:-62:28);left
1852;rightTemporal;MNI(54:-51:8);right
1853;rightParietal;MNI(4:-52:53);right
1854;rightFrontal;MNI(18:70:0);right
1855;leftParietal;MNI(-1:-17:46);left
1856;rightFrontal;MNI(50:42:23);right
1857;leftOccipital;MNI(-3:-80:36);left
1858;leftOccipital;MNI(-13:-53:6);left
1859;leftFrontal;MNI(-20:53:-12);left
1860;rightCerebellum;MNI(54:-58:-23);right
1861;rightFrontal;MNI(2:-2:71);right
1862;rightFrontal;MNI(35:63:-5);right
1863;rightFrontal;MNI(48:9:25);right
1864;rightFrontal;MNI(4:41:-11);right
1865;leftFrontal;MNI(-36:45:17);left
1866;rightTemporal;MNI(41:-19:-23);right
1867;leftParietal;MNI(-60:-33:23);left
1868;rightParietal;MNI(55:-54:22);right
1869;rightParietal;MNI(21:-48:72);right
1870;rightOccipital;MNI(16:-80:-10);right
1871;rightFrontal;MNI(12:66:22);right
1872;rightCerebellum;MNI(19:-66:-19);right
1873;rightFrontal;MNI(41:5:56);right
1874;rightTemporal;MNI(36:0:-44);right
1875;leftTemporal;MNI(-29:-5:-43);left
1876;rightOccipital;MNI(31:-56:-7);right
1877;leftFrontal;MNI(-36:12:60);left
1878;rightTemporal;MNI(49:11:-18);right
1879;leftParietal;MNI(-46:-36:50);left
1880;rightFrontal;MNI(32:-20:71);right
1881;leftOccipital;MNI(-5:-90:0);left
1882;leftFrontal;MNI(-46:4:14);left
1883;rightSubcortical;MNI(17:24:3);right
1884;rightCerebellum;MNI(14:-36:-20);right
1885;leftSubcortical;MNI(-14:-15:-12);left
1886;rightCerebellum;MNI(2:-62:-45);right
1887;leftTemporal;MNI(-15:7:-27);left
1888;rightParietal;MNI(59:-62:17);right
1889;rightParietal;MNI(51:-20:56);right
1890;leftFrontal;MNI(-57:-1:13);left
1891;leftCerebellum;MNI(-19:-64:-18);left
1892;leftParietal;MNI(-27:-69:32);left
1893;leftTemporal;MNI(-60:-39:-11);left
1894;rightOccipital;MNI(40:-78:-3);right
1895;rightTemporal;MNI(69:-36:3);right
1896;leftFrontal;MNI(-10:31:56);left
1897;rightParietal;MNI(58:-29:37);right
1898;leftTemporal;MNI(-46:2:-38);left
1899;leftParietal;MNI(-1:-45:65);left
1900;rightFrontal;MNI(34:54:29);right
1901;rightOccipital;MNI(31:-77:31);right
1902;rightFrontal;MNI(48:33:4);right
1903;leftParietal;MNI(-52:-21:38);left
1904;rightFrontal;MNI(60:-8:43);right
1905;leftTemporal;MNI(-17:2:-40);left
1906;leftFrontal;MNI(0:56:-22);left
1907;leftTemporal;MNI(-51:14:-14);left
1908;leftFrontal;MNI(-3:9:72);left
1909;rightFrontal;MNI(39:10:53);right
1910;leftOccipital;MNI(-14:-85:-4);left
1911;leftSubcortical;MNI(-32:-13:20);left
1912;rightSubcortical;MNI(30:10:2);right
1913;leftParietal;MNI(-50:-45:24);left
1914;leftFrontal;MNI(-3:-24:56);left
1915;leftOccipital;MNI(-8:-69:34);left
1916;rightFrontal;MNI(9:36:47);right
1917;leftFrontal;MNI(-26:0:61);left
1918;leftCerebellum;MNI(-31:-75:-23);left
1919;rightFrontal;MNI(19:10:-18);right
1920;rightOccipital;MNI(2:-80:-10);right
1921;rightTemporal;MNI(39:-15:-32);right
1922;leftCerebellum;MNI(-23:-31:-28);left
1923;rightTemporal;MNI(56:-17:2);right
1924;leftOccipital;MNI(-21:-88:26);left
1925;rightFrontal;MNI(2:57:36);right
1926;rightParietal;MNI(3:-30:40);right
1927;leftFrontal;MNI(-36:41:39);left
1928;leftTemporal;MNI(-31:-7:-11);left
1929;rightFrontal;MNI(59:0:22);right
1930;leftCerebellum;MNI(-42:-53:-23);left
1931;rightParietal;MNI(63:-38:40);right
1932;leftParietal;MNI(-7:-57:69);left
1933;rightTemporal;MNI(42:22:-28);right
1934;leftFrontal;MNI(-44:14:9);left
1935;rightFrontal;MNI(3:57:23);right
1936;rightCerebellum;MNI(14:-61:-44);right
1937;rightCerebellum;MNI(28:-63:-31);right
1938;leftTemporal;MNI(-56:-24:-2);left
1939;leftFrontal;MNI(-25:9:59);left
1940;rightTemporal;MNI(36:-21:-8);right
1941;rightFrontal;MNI(46:3:39);right
1942;leftTemporal;MNI(-36:-9:-39);left
1943;leftSubcortical;MNI(-2:-12:-2);left
1944;rightFrontal;MNI(35:35:47);right
1945;rightFrontal;MNI(9:16:56);right
1946;rightOccipital;MNI(0:-81:11);right
1947;leftFrontal;MNI(-9:29:-14);left
1948;leftFrontal;MNI(-41:23:3);left
1949;rightFrontal;MNI(12:55:14);right
1950;leftParietal;MNI(-24:-55:65);left
1951;rightOccipital;MNI(32:-89:-3);right
1952;rightFrontal;MNI(12:42:-14);right
1953;rightParietal;MNI(48:-52:28);right
1954;rightTemporal;MNI(32:11:-23);right
1955;leftCerebellum;MNI(-6:-75:-20);left
1956;leftParietal;MNI(-48:-28:44);left
1957;rightFrontal;MNI(58:-11:49);right
1958;rightCerebellum;MNI(5:-60:-45);right
1959;leftFrontal;MNI(-3:27:32);left
1960;rightTemporal;MNI(56:10:-14);right
1961;rightFrontal;MNI(2:15:49);right
1962;leftTemporal;MNI(-45:-50:11);left
1963;rightOccipital;MNI(14:-72:17);right
1964;rightOccipital;MNI(48:-77:14);right
1965;rightTemporal;MNI(54:-42:8);right
1966;leftSubcortical;MNI(-23:9:-5);left
1967;leftTemporal;MNI(-60:-45:-5);left
1968;rightSubcortical;MNI(35:-14:3);right
1969;rightFrontal;MNI(20:48:41);right
1970;rightFrontal;MNI(51:18:22);right
1971;leftSubcortical;MNI(-2:-1:-4);left
1972;leftOccipital;MNI(-12:-64:2);left
1973;rightParietal;MNI(5:-16:40);right
1974;leftTemporal;MNI(-53:-26:-16);left
1975;leftCerebellum;MNI(-33:-48:-38);left
1976;leftTemporal;MNI(-12:-2:-17);left
1977;rightSubcortical;MNI(19:14:1);right
1978;rightFrontal;MNI(42:-5:62);right
1979;rightParietal;MNI(51:-30:20);right
1980;rightCerebellum;MNI(55:-58:-33);right
1981;rightOccipital;MNI(37:-82:33);right
1982;rightParietal;MNI(8:-43:49);right
1983;leftTemporal;MNI(-57:-35:3);left
1984;leftSubcortical;MNI(-4:-18:-24);left
1985;rightOccipital;MNI(47:-66:24);right
1986;rightTemporal;MNI(55:-27:-25);right
1987;rightFrontal;MNI(11:41:30);right
1988;leftParietal;MNI(-55:-43:46);left
1989;rightCerebellum;MNI(8:-44:-24);right
1990;rightParietal;MNI(8:-61:60);right
1991;leftParietal;MNI(-39:-35:52);left
1992;rightTemporal;MNI(53:0:-40);right
1993;leftFrontal;MNI(-33:22:47);left
1994;leftTemporal;MNI(-28:18:-33);left
1995;rightParietal;MNI(8:-53:5);right
1996;rightTemporal;MNI(27:-10:-40);right
1997;rightCerebellum;MNI(1:-60:-42);right
1998;rightOccipital;MNI(20:-32:-12);right
1999;leftSubcortical;MNI(-40:-4:0);left
2000;leftFrontal;MNI(-1:35:-7);left
2001;leftParietal;MNI(-31:-51:44);left
2002;leftOccipital;MNI(-42:-78:9);left
2003;leftFrontal;MNI(-37:37:21);left
2004;rightFrontal;MNI(11:18:-21);right
2005;rightOccipital;MNI(54:-71:12);right
2006;rightCerebellum;MNI(3:-58:1);right
2007;rightTemporal;MNI(47:-24:11);right
2008;leftFrontal;MNI(-30:62:15);left
2009;rightFrontal;MNI(0:16:32);right
2010;rightTemporal;MNI(61:-36:4);right
2011;leftParietal;MNI(-18:-61:13);left
2012;rightParietal;MNI(52:-48:39);right
2013;rightParietal;MNI(2:-34:57);right
2014;leftFrontal;MNI(-26:44:30);left
2015;rightParietal;MNI(18:-56:24);right
2016;rightParietal;MNI(15:-41:42);right
2017;leftCerebellum;MNI(-33:-63:-21);left
2018;rightCerebellum;MNI(33:-55:-18);right
2019;rightFrontal;MNI(51:48:2);right
2020;rightTemporal;MNI(56:3:-34);right
2021;rightOccipital;MNI(26:-93:4);right
2022;rightFrontal;MNI(12:23:37);right
2023;leftCerebellum;MNI(-5:-33:-35);left
2024;leftFrontal;MNI(-35:9:41);left
2025;leftTemporal;MNI(-32:12:-24);left
2026;leftParietal;MNI(-21:-70:47);left
2027;rightFrontal;MNI(10:-12:62);right
2028;leftSubcortical;MNI(-30:-15:10);left
2029;leftTemporal;MNI(-44:9:-38);left
2030;rightSubcortical;MNI(40:-3:4);right
2031;leftTemporal;MNI(-34:-57:-16);left
2032;rightSubcortical;MNI(38:11:-4);right
2033;rightFrontal;MNI(7:43:23);right
2034;rightParietal;MNI(12:-18:41);right
2035;rightParietal;MNI(57:-26:47);right
2036;rightParietal;MNI(15:-46:66);right
2037;rightSubcortical;MNI(1:-13:-12);right
2038;leftOccipital;MNI(-18:-78:-15);left
2039;rightSubcortical;MNI(0:-18:14);right
2040;leftTemporal;MNI(-23:-42:-15);left
2041;rightFrontal;MNI(49:46:17);right
2042;rightTemporal;MNI(66:-20:6);right
2043;rightFrontal;MNI(9:-1:63);right
2044;rightSubcortical;MNI(12:18:7);right
2045;leftFrontal;MNI(-25:11:66);left
2046;leftParietal;MNI(-7:-49:35);left
2047;rightFrontal;MNI(4:66:16);right
2048;leftParietal;MNI(-60:-4:29);left
2049;leftTemporal;MNI(-16:6:-17);left
2050;leftOccipital;MNI(-22:-75:32);left
2051;rightFrontal;MNI(22:27:62);right
2052;rightFrontal;MNI(56:20:14);right
2053;rightSubcortical;MNI(9:-29:-42);right
2054;rightOccipital;MNI(37:-89:-2);right
2055;leftParietal;MNI(-50:-41:54);left
2056;leftFrontal;MNI(-17:67:-8);left
2057;rightFrontal;MNI(17:23:-14);right
2058;rightFrontal;MNI(31:57:-10);right
2059;rightParietal;MNI(57:-36:35);right
2060;rightParietal;MNI(57:-59:40);right
2061;rightTemporal;MNI(47:6:-31);right
2062;leftFrontal;MNI(-33:53:7);left
2063;leftFrontal;MNI(-25:0:53);left
2064;leftTemporal;MNI(-51:-11:-33);left
2065;rightCerebellum;MNI(3:-57:-45);right
2066;leftParietal;MNI(-48:-54:27);left
2067;leftFrontal;MNI(-46:5:2);left
2068;rightFrontal;MNI(33:27:-9);right
2069;rightOccipital;MNI(23:-60:-10);right
2070;leftFrontal;MNI(-37:6:54);left
2071;leftParietal;MNI(-6:-45:55);left
2072;rightParietal;MNI(33:-45:59);right
2073;leftFrontal;MNI(-40:45:-11);left
2074;leftTemporal;MNI(-50:-27:12);left
2075;rightFrontal;MNI(13:32:30);right
2076;leftTemporal;MNI(-25:7:-14);left
2077;leftFrontal;MNI(-31:-18:65);left
2078;leftFrontal;MNI(-15:51:38);left
2079;rightFrontal;MNI(33:42:39);right
2080;rightSubcortical;MNI(13:-27:-17);right
2081;leftFrontal;MNI(-54:11:36);left
2082;rightOccipital;MNI(45:-58:22);right
2083;leftTemporal;MNI(-60:-11:-18);left
2084;leftParietal;MNI(-44:-50:26);left
2085;leftFrontal;MNI(-24:65:19);left
2086;leftTemporal;MNI(-40:-1:-43);left
2087;leftOccipital;MNI(-15:-46:0);left
2088;rightFrontal;MNI(12:48:5);right
2089;leftFrontal;MNI(-11:26:58);left
2090;leftParietal;MNI(-35:-56:55);left
2091;leftParietal;MNI(-33:-26:52);left
2092;rightCerebellum;MNI(24:-35:-26);right
2093;leftTemporal;MNI(-45:-42:-10);left
2094;rightTemporal;MNI(57:-6:-1);right
2095;leftFrontal;MNI(-36:12:14);left
2096;leftFrontal;MNI(-32:59:-10);left
2097;leftParietal;MNI(-57:-31:47);left
2098;leftSubcortical;MNI(-14:-31:0);left
2099;rightParietal;MNI(60:-33:28);right
2100;leftTemporal;MNI(-56:-39:9);left
2101;rightCerebellum;MNI(2:-50:-17);right
2102;leftFrontal;MNI(-4:69:11);left
2103;rightFrontal;MNI(57:15:0);right
2104;leftOccipital;MNI(-13:-81:41);left
2105;rightSubcortical;MNI(10:1:0);right
2106;rightFrontal;MNI(46:-3:57);right
2107;leftOccipital;MNI(-35:-76:-14);left
2108;leftFrontal;MNI(-50:-13:41);left
2109;leftFrontal;MNI(-45:27:19);left
2110;leftSubcortical;MNI(-16:12:5);left
2111;leftTemporal;MNI(-26:15:-41);left
2112;rightFrontal;MNI(14:-22:75);right
2113;rightOccipital;MNI(31:-72:-6);right
2114;rightFrontal;MNI(41:12:38);right
2115;rightSubcortical;MNI(7:14:-4);right
2116;leftCerebellum;MNI(-9:-29:-9);left
2117;leftParietal;MNI(-42:-49:42);left
2118;leftParietal;MNI(-1:-31:32);left
2119;leftCerebellum;MNI(-16:-27:-14);left
2120;rightTemporal;MNI(31:-37:-15);right
2121;leftFrontal;MNI(-57:9:29);left
2122;rightParietal;MNI(10:-62:30);right
2123;rightOccipital;MNI(52:-63:15);right
2124;rightFrontal;MNI(42:32:-13);right
2125;rightFrontal;MNI(42:42:20);right
2126;leftFrontal;MNI(-33:24:-17);left
2127;leftFrontal;MNI(-18:63:2);left
2128;rightOccipital;MNI(13:-66:3);right
2129;rightParietal;MNI(60:-48:42);right
2130;leftCerebellum;MNI(-3:-61:-44);left
2131;rightTemporal;MNI(30:-3:-18);right
2132;leftFrontal;MNI(-3:-6:56);left
2133;rightTemporal;MNI(59:-12:-6);right
2134;rightSubcortical;MNI(3:-3:-10);right
2135;leftParietal;MNI(-41:-36:60);left
2136;rightFrontal;MNI(39:-20:58);right
2137;rightOccipital;MNI(15:-78:6);right
2138;rightFrontal;MNI(7:50:47);right
2139;leftOccipital;MNI(-42:-78:4);left
2140;rightFrontal;MNI(40:52:8);right
2141;leftFrontal;MNI(-4:45:51);left
2142;leftParietal;MNI(-38:-76:32);left
2143;rightParietal;MNI(54:-43:53);right
2144;rightTemporal;MNI(63:-55:7);right
2145;leftOccipital;MNI(-12:-69:9);left
2146;rightSubcortical;MNI(15:-14:12);right
2147;rightFrontal;MNI(58:-7:20);right
2148;rightParietal;MNI(59:-15:26);right
2149;rightParietal;MNI(39:-55:51);right
2150;leftFrontal;MNI(-21:22:50);left
2151;leftParietal;MNI(-61:-19:25);left
2152;rightFrontal;MNI(51:27:36);right
2153;rightFrontal;MNI(3:26:56);right
2154;rightParietal;MNI(1:-55:36);right
2155;leftSubcortical;MNI(-5:-15:18);left
2156;leftFrontal;MNI(-42:21:36);left
2157;leftFrontal;MNI(-25:48:-13);left
2158;leftFrontal;MNI(-2:50:31);left
2159;leftFrontal;MNI(-3:16:69);left
2160;rightSubcortical;MNI(12:-29:5);right
2161;leftFrontal;MNI(-40:6:36);left
2162;leftParietal;MNI(-42:-35:44);left
2163;leftCerebellum;MNI(-22:-54:-26);left
2164;leftFrontal;MNI(-50:13:14);left
2165;rightTemporal;MNI(41:-4:-9);right
2166;leftFrontal;MNI(-1:18:-8);left
2167;leftFrontal;MNI(-48:-3:41);left
2168;leftTemporal;MNI(-56:-24:-23);left
2169;rightSubcortical;MNI(16:-33:7);right
2170;rightFrontal;MNI(5:-1:43);right
2171;leftParietal;MNI(-49:-57:42);left
2172;leftTemporal;MNI(-53:-50:-18);left
2173;rightFrontal;MNI(3:44:-3);right
2174;rightOccipital;MNI(44:-72:19);right
2175;leftTemporal;MNI(-19:-9:-32);left
2176;rightCerebellum;MNI(41:-47:-24);right
2177;leftOccipital;MNI(-7:-90:16);left
2178;rightFrontal;MNI(10:21:33);right
2179;leftFrontal;MNI(-4:54:5);left
2180;rightCerebellum;MNI(26:-76:-30);right
2181;leftCerebellum;MNI(-5:-55:-8);left
2182;rightFrontal;MNI(26:48:34);right
2183;rightTemporal;MNI(66:-21:-15);right
2184;rightOccipital;MNI(7:-82:-17);right
2185;leftParietal;MNI(-15:-72:53);left
2186;rightFrontal;MNI(45:-8:48);right
2187;leftParietal;MNI(-41:-76:24);left
2188;rightParietal;MNI(11:-31:39);right
2189;leftFrontal;MNI(-48:23:10);left
2190;rightTemporal;MNI(35:-5:-32);right
2191;leftTemporal;MNI(-44:-67:-10);left
2192;rightFrontal;MNI(64:-3:33);right
2193;rightSubcortical;MNI(2:-34:-41);right
2194;leftTemporal;MNI(-57:3:2);left
2195;rightFrontal;MNI(6:14:63);right
2196;rightParietal;MNI(1:-52:59);right
2197;leftCerebellum;MNI(-18:-84:-27);left
2198;leftSubcortical;MNI(-37:24:-10);left
2199;leftSubcortical;MNI(-6:0:16);left
2200;leftParietal;MNI(-51:-29:33);left
2201;leftTemporal;MNI(-55:-59:-3);left
2202;rightFrontal;MNI(0:-24:72);right
2203;rightFrontal;MNI(12:33:-15);right
2204;leftOccipital;MNI(-18:-58:20);left
2205;rightFrontal;MNI(46:27:0);right
2206;leftCerebellum;MNI(-37:-58:-35);left
2207;rightFrontal;MNI(17:60:35);right
2208;leftSubcortical;MNI(-14:22:14);left
2209;rightTemporal;MNI(22:-20:-18);right
2210;leftFrontal;MNI(-11:68:9);left
2211;leftSubcortical;MNI(-33:5:-6);left
2212;rightFrontal;MNI(3:-33:66);right
2213;leftTemporal;MNI(-45:-33:11);left
2214;rightOccipital;MNI(36:-81:-21);right
2215;leftParietal;MNI(-1:-40:43);left
2216;rightOccipital;MNI(22:-84:35);right
2217;leftParietal;MNI(-35:-18:22);left
2218;rightSubcortical;MNI(38:-10:15);right
2219;rightTemporal;MNI(57:-44:2);right
2220;rightCerebellum;MNI(8:-63:-44);right
2221;rightCerebellum;MNI(21:-78:-24);right
2222;rightCerebellum;MNI(26:-34:-41);right
2223;rightFrontal;MNI(51:41:-9);right
2224;rightFrontal;MNI(29:-21:65);right
2225;leftFrontal;MNI(-51:29:23);left
2226;leftCerebellum;MNI(-11:-35:-17);left
2227;rightFrontal;MNI(45:17:28);right
2228;rightSubcortical;MNI(29:16:8);right
2229;leftParietal;MNI(-30:-68:46);left
2230;rightFrontal;MNI(3:38:5);right
2231;rightParietal;MNI(44:-42:45);right
2232;leftFrontal;MNI(-3:-30:69);left
2233;rightFrontal;MNI(29:63:20);right
2234;leftTemporal;MNI(-49:-1:-21);left
2235;rightSubcortical;MNI(17:-9:14);right
2236;rightFrontal;MNI(32:-3:65);right
2237;leftFrontal;MNI(-19:27:-13);left
2238;leftFrontal;MNI(-40:-6:47);left
2239;rightCerebellum;MNI(6:-63:-43);right
2240;leftFrontal;MNI(-42:33:39);left
2241;rightParietal;MNI(48:-23:25);right
2242;rightFrontal;MNI(12:-10:43);right
2243;leftTemporal;MNI(-34:0:-38);left
2244;leftParietal;MNI(-15:-65:42);left
2245;leftFrontal;MNI(-18:4:61);left
2246;rightCerebellum;MNI(9:-39:-12);right
2247;rightCerebellum;MNI(38:-66:-25);right
2248;leftParietal;MNI(-60:-10:17);left
2249;rightFrontal;MNI(40:19:48);right
2250;leftSubcortical;MNI(-8:-28:9);left
2251;leftParietal;MNI(-14:-55:28);left
2252;leftParietal;MNI(-1:-51:8);left
2253;leftCerebellum;MNI(-9:-74:-29);left
2254;rightFrontal;MNI(49:23:6);right
2255;rightOccipital;MNI(8:-87:0);right
2256;rightTemporal;MNI(28:-25:-8);right
2257;leftTemporal;MNI(-44:15:-31);left
2258;leftFrontal;MNI(-45:47:9);left
2259;leftFrontal;MNI(-44:6:55);left
2260;rightCerebellum;MNI(5:-69:-33);right
2261;rightFrontal;MNI(17:55:-16);right
2262;rightTemporal;MNI(45:-15:12);right
2263;leftTemporal;MNI(-45:2:-6);left
2264;leftTemporal;MNI(-35:7:-36);left
2265;leftCerebellum;MNI(-9:-65:-34);left
2266;leftFrontal;MNI(-3:1:43);left
2267;rightFrontal;MNI(57:14:36);right
2268;leftFrontal;MNI(-20:41:37);left
2269;rightCerebellum;MNI(0:-62:-46);right
2270;rightParietal;MNI(11:-21:51);right
2271;rightOccipital;MNI(11:-72:31);right
2272;rightOccipital;MNI(24:-88:27);right
2273;leftCerebellum;MNI(-37:-38:-28);left
2274;leftFrontal;MNI(-40:3:45);left
2275;leftParietal;MNI(-12:-43:67);left
2276;rightCerebellum;MNI(15:-58:-44);right
2277;rightTemporal;MNI(66:-12:13);right
2278;leftTemporal;MNI(-39:-22:15);left
2279;rightParietal;MNI(36:-43:66);right
2280;rightTemporal;MNI(51:-13:-31);right
2281;rightCerebellum;MNI(3:-57:-46);right
2282;rightTemporal;MNI(52:-52:-7);right
2283;rightCerebellum;MNI(20:-48:-24);right
2284;rightTemporal;MNI(21:-12:-11);right
2285;rightCerebellum;MNI(4:-62:-44);right
2286;leftParietal;MNI(-12:-62:55);left
2287;leftFrontal;MNI(-21:52:28);left
2288;rightSubcortical;MNI(39:23:5);right
2289;leftTemporal;MNI(-22:-27:-10);left
2290;rightSubcortical;MNI(11:-12:-10);right
2291;rightCerebellum;MNI(2:-59:-45);right
2292;leftSubcortical;MNI(-2:14:4);left
2293;rightParietal;MNI(2:-48:43);right
2294;leftFrontal;MNI(-9:49:50);left
2295;leftCerebellum;MNI(-48:-54:-32);left
2296;rightParietal;MNI(60:-24:30);right
2297;leftTemporal;MNI(-46:20:-20);left
2298;rightCerebellum;MNI(8:-62:-45);right
2299;rightCerebellum;MNI(5:-60:-44);right
2300;rightFrontal;MNI(42:-15:50);right
2301;leftFrontal;MNI(-2:65:-12);left
2302;rightFrontal;MNI(33:17:51);right
2303;leftFrontal;MNI(-5:66:25);left
2304;rightTemporal;MNI(49:1:-15);right
2305;leftFrontal;MNI(-3:0:61);left
2306;leftFrontal;MNI(-45:11:48);left
2307;leftTemporal;MNI(-56:-16:-4);left
2308;leftFrontal;MNI(-1:25:25);left
2309;leftFrontal;MNI(-26:56:12);left
2310;leftParietal;MNI(-51:-48:49);left
2311;rightOccipital;MNI(0:-65:19);right
2312;rightCerebellum;MNI(20:-63:-44);right
2313;leftFrontal;MNI(-24:20:-17);left
2314;rightSubcortical;MNI(9:11:2);right
2315;rightOccipital;MNI(11:-97:1);right
2316;leftTemporal;MNI(-27:-52:-10);left
2317;rightFrontal;MNI(36:48:32);right
2318;rightTemporal;MNI(57:10:-20);right
2319;rightCerebellum;MNI(47:-72:-30);right
2320;leftSubcortical;MNI(-31:2:15);left
2321;rightCerebellum;MNI(0:-61:-43);right
2322;leftOccipital;MNI(-33:-84:17);left
2323;rightTemporal;MNI(40:-66:-15);right
2324;leftFrontal;MNI(-13:14:-13);left
2325;leftFrontal;MNI(-59:9:23);left
2326;rightCerebellum;MNI(2:-62:-44);right
2327;rightParietal;MNI(66:-40:26);right
2328;leftOccipital;MNI(-8:-79:-8);left
2329;leftTemporal;MNI(-16:-17:-20);left
2330;rightParietal;MNI(12:-51:16);right
2331;rightFrontal;MNI(44:41:34);right
2332;rightCerebellum;MNI(35:-72:-30);right
2333;rightCerebellum;MNI(5:-59:-44);right
2334;leftTemporal;MNI(-63:-38:11);left
2335;rightParietal;MNI(24:-54:60);right
2336;rightFrontal;MNI(42:59:-7);right
2337;rightOccipital;MNI(49:-56:2);right
2338;leftCerebellum;MNI(-2:-49:-39);left
2339;leftParietal;MNI(-21:-62:63);left
2340;leftFrontal;MNI(-53:-10:48);left
2341;leftTemporal;MNI(-53:-6:-8);left
2342;leftFrontal;MNI(-17:64:14);left
2343;rightFrontal;MNI(48:12:-1);right
2344;rightFrontal;MNI(37:-14:66);right
2345;leftCerebellum;MNI(-27:-28:-27);left
2346;leftFrontal;MNI(-9:69:18);left
2347;rightOccipital;MNI(6:-75:24);right
2348;rightCerebellum;MNI(5:-60:-43);right
2349;leftTemporal;MNI(-35:-20:-15);left
2350;rightFrontal;MNI(13:63:-2);right
2351;leftParietal;MNI(-30:-50:64);left
2352;leftFrontal;MNI(-5:42:57);left
2353;rightTemporal;MNI(51:-36:14);right
2354;rightCerebellum;MNI(49:-41:-26);right
2355;rightCerebellum;MNI(5:-62:-43);right
2356;rightFrontal;MNI(3:28:-21);right
2357;leftOccipital;MNI(-26:-70:-6);left
2358;rightFrontal;MNI(11:42:-21);right
2359;rightParietal;MNI(58:-41:30);right
2360;leftParietal;MNI(-49:-52:19);left
2361;leftFrontal;MNI(-8:22:66);left
2362;rightFrontal;MNI(9:-8:56);right
2363;leftSubcortical;MNI(-15:18:9);left
2364;rightFrontal;MNI(27:37:38);right
2365;leftFrontal;MNI(-21:-22:67);left
2366;rightSubcortical;MNI(12:-12:3);right
2367;leftSubcortical;MNI(-37:28:-3);left
2368;leftParietal;MNI(-27:-54:49);left
2369;leftOccipital;MNI(-14:-66:27);left
2370;rightFrontal;MNI(2:25:45);right
2371;rightCerebellum;MNI(2:-61:-44);right
2372;rightFrontal;MNI(45:-19:63);right
2373;leftOccipital;MNI(-17:-83:32);left
2374;rightParietal;MNI(25:-61:11);right
2375;rightSubcortical;MNI(0:9:0);right
2376;rightFrontal;MNI(54:33:15);right
2377;leftTemporal;MNI(-23:12:-20);left
2378;rightCerebellum;MNI(28:-60:-21);right
2379;rightSubcortical;MNI(20:20:14);right
2380;leftParietal;MNI(-49:-17:26);left
2381;rightCerebellum;MNI(6:-60:-48);right
2382;rightParietal;MNI(50:-62:43);right
2383;leftParietal;MNI(-26:-34:69);left
2384;leftOccipital;MNI(-17:-93:13);left
2385;rightCerebellum;MNI(1:-71:-12);right
2386;rightTemporal;MNI(33:-19:-15);right
2387;rightParietal;MNI(15:-66:49);right
2388;rightCerebellum;MNI(6:-63:-44);right
2389;leftCerebellum;MNI(-24:-64:-27);left
2390;rightCerebellum;MNI(2:-56:-46);right
2391;rightTemporal;MNI(50:-40:-19);right
2392;rightFrontal;MNI(48:23:31);right
2393;leftParietal;MNI(-45:-51:36);left
2394;leftFrontal;MNI(-37:49:1);left
2395;rightParietal;MNI(7:-46:41);right
2396;leftSubcortical;MNI(-9:21:-10);left
2397;leftSubcortical;MNI(-31:-3:-2);left
2398;leftParietal;MNI(-39:-66:26);left
2399;leftCerebellum;MNI(-45:-64:-34);left
2400;rightTemporal;MNI(34:15:-23);right
2401;leftFrontal;MNI(-53:11:5);left
2402;leftParietal;MNI(-57:-52:18);left
2403;rightCerebellum;MNI(0:-60:-43);right
2404;leftTemporal;MNI(-61:-7:3);left
2405;rightCerebellum;MNI(45:-51:-39);right
2406;rightCerebellum;MNI(7:-54:-11);right
2407;leftFrontal;MNI(-2:45:-24);left
2408;leftOccipital;MNI(-6:-66:-5);left
2409;rightCerebellum;MNI(7:-62:-42);right
2410;rightCerebellum;MNI(2:-63:-29);right
2411;leftCerebellum;MNI(-28:-71:-31);left
2412;rightParietal;MNI(5:-43:60);right
2413;leftTemporal;MNI(-46:-42:-17);left
2414;rightCerebellum;MNI(3:-55:-31);right
2415;rightCerebellum;MNI(3:-61:-47);right
2416;rightFrontal;MNI(47:19:50);right
2417;rightFrontal;MNI(27:30:-12);right
2418;rightCerebellum;MNI(6:-59:-44);right
2419;rightCerebellum;MNI(3:-34:-16);right
2420;leftTemporal;MNI(-55:-35:-4);left
2421;rightOccipital;MNI(37:-51:-10);right
2422;rightParietal;MNI(32:-56:63);right
2423;leftFrontal;MNI(-33:62:-5);left
2424;rightCerebellum;MNI(12:-63:-42);right
2425;leftParietal;MNI(-40:-50:58);left
2426;rightSubcortical;MNI(13:-30:-5);right
2427;leftFrontal;MNI(-45:18:30);left
2428;rightFrontal;MNI(64:0:14);right
2429;leftSubcortical;MNI(-6:20:6);left
2430;leftFrontal;MNI(-24:-12:64);left
2431;rightFrontal;MNI(3:57:-8);right
2432;leftOccipital;MNI(-37:-82:-3);left
2433;leftFrontal;MNI(-43:32:11);left
2434;rightCerebellum;MNI(8:-52:-38);right
2435;rightFrontal;MNI(3:-12:75);right
2436;rightCerebellum;MNI(4:-58:-46);right
2437;leftCerebellum;MNI(-36:-42:-41);left
2438;leftTemporal;MNI(-56:-32:14);left
2439;rightTemporal;MNI(28:7:-18);right
2440;leftCerebellum;MNI(-6:-45:1);left
2441;leftCerebellum;MNI(-40:-74:-30);left
2442;rightOccipital;MNI(45:-67:13);right
2443;rightFrontal;MNI(51:44:11);right
2444;leftTemporal;MNI(-47:-18:-22);left
2445;leftParietal;MNI(-5:-63:41);left
2446;leftSubcortical;MNI(-11:8:0);left
2447;leftFrontal;MNI(-40:30:45);left
2448;leftFrontal;MNI(-7:-3:50);left
2449;leftParietal;MNI(-60:-26:24);left
2450;rightSubcortical;MNI(31:21:3);right
2451;leftFrontal;MNI(-46:-8:36);left
2452;leftFrontal;MNI(-11:11:64);left
2453;rightFrontal;MNI(49:-12:39);right
2454;leftTemporal;MNI(-47:13:-25);left
2455;rightSubcortical;MNI(18:-20:9);right
2456;leftCerebellum;MNI(-49:-54:-23);left
2457;leftParietal;MNI(-15:-61:33);left
2458;rightCerebellum;MNI(36:-81:-27);right
2459;leftOccipital;MNI(-9:-87:8);left
2460;rightFrontal;MNI(38:34:-6);right
2461;rightCerebellum;MNI(2:-58:-46);right
2462;rightFrontal;MNI(8:27:29);right
2463;rightOccipital;MNI(44:-64:3);right
2464;leftSubcortical;MNI(-15:-26:4);left
2465;rightSubcortical;MNI(36:3:15);right
2466;rightFrontal;MNI(49:3:56);right
2467;leftFrontal;MNI(-40:20:12);left
2468;leftSubcortical;MNI(-14:17:17);left
2469;rightParietal;MNI(6:-37:53);right
2470;rightTemporal;MNI(41:13:-31);right
2471;rightParietal;MNI(54:-48:33);right
2472;leftCerebellum;MNI(-19:-66:-33);left
2473;rightFrontal;MNI(27:-2:71);right
2474;rightSubcortical;MNI(14:17:13);right
2475;rightFrontal;MNI(34:64:8);right
2476;rightCerebellum;MNI(10:-64:-41);right
2477;rightFrontal;MNI(54:0:7);right
2478;rightFrontal;MNI(4:-14:51);right
2479;leftSubcortical;MNI(-6:-3:7);left
2480;leftOccipital;MNI(-27:-75:-15);left
2481;leftParietal;MNI(-53:-2:21);left
2482;rightOccipital;MNI(15:-69:23);right
2483;leftOccipital;MNI(-23:-91:11);left
2484;rightCerebellum;MNI(27:-84:-27);right
2485;leftTemporal;MNI(-24:-5:-30);left
2486;rightParietal;MNI(8:-51:61);right
2487;leftParietal;MNI(-6:-42:49);left
2488;rightCerebellum;MNI(4:-57:-46);right
2489;rightParietal;MNI(40:-16:23);right
2490;rightCerebellum;MNI(7:-60:-44);right
2491;leftParietal;MNI(-36:-67:48);left
2492;rightFrontal;MNI(53:11:18);right
2493;leftFrontal;MNI(-36:54:-10);left
2494;leftFrontal;MNI(-40:20:27);left
2495;rightCerebellum;MNI(0:-61:-45);right
2496;leftCerebellum;MNI(-3:-29:-22);left
2497;rightTemporal;MNI(31:-11:-26);right
2498;leftCerebellum;MNI(-1:-73:-30);left
2499;leftFrontal;MNI(-24:18:63);left
2500;rightOccipital;MNI(54:-68:27);right
2501;leftParietal;MNI(-45:-42:39);left
2502;leftTemporal;MNI(-45:8:-17);left
2503;rightFrontal;MNI(30:43:47);right
2504;rightParietal;MNI(22:-39:2);right
2505;rightFrontal;MNI(57:27:12);right
2506;leftParietal;MNI(-57:-3:35);left
2507;rightFrontal;MNI(36:-24:57);right
2508;rightTemporal;MNI(44:17:-13);right
2509;leftTemporal;MNI(-12:2:-12);left
2510;rightOccipital;MNI(27:-79:40);right
2511;rightFrontal;MNI(43:60:-2);right
2512;rightParietal;MNI(45:-39:53);right
2513;leftOccipital;MNI(-3:-83:-16);left
2514;leftFrontal;MNI(-54:16:9);left
